SHORTCODE, USER_LIKED, AGE, GENDER, PROFILE_PIC_URL
Bi0SFFHHyaL, joro45, , ,https://scontent-sjc3-1.cdninstagram.com/vp/865b0dc6c2087f8f5bb00109ee43bb6b/5BC789D0/t51.2885-19/s150x150/20582912_106791486679965_4566134278185811968_a.jpg
Bi0SFFHHyaL, lariotsofficial, , ,https://scontent-sjc3-1.cdninstagram.com/vp/f2b8236dbb868ec925cfeaf25a4abd5a/5BCB4791/t51.2885-19/s150x150/19436530_1573020876101194_756791435331633152_a.jpg
Bi0SFFHHyaL, rjjsx91, , ,https://scontent-sjc3-1.cdninstagram.com/vp/b6cd95d84f26eae25b67f72f96c7720d/5BABC6F7/t51.2885-19/s150x150/20214105_1336019993177165_755859650766700544_a.jpg
Bi0SFFHHyaL, addzenglish, , ,https://scontent-sjc3-1.cdninstagram.com/vp/e25280691e80c458e9ccd1470944c4a8/5BB9AD12/t51.2885-19/s150x150/34192727_2022920984640261_4745479579752202240_n.jpg
Bi0SFFHHyaL, 312photochronicles, , ,https://scontent-sjc3-1.cdninstagram.com/vp/656f82ab56c42750fd8c5b2eab90c05c/5BACCDA1/t51.2885-19/10831760_320488944806445_782007499_a.jpg
Bi0SFFHHyaL, karlinwithak, , ,https://scontent-sjc3-1.cdninstagram.com/vp/9637e56d81f00803eed4baafd616c431/5BB086A7/t51.2885-19/s150x150/29415913_607086599643197_9093914094691418112_n.jpg
Bi0SFFHHyaL, gabrielsolerp, , ,https://scontent-sjc3-1.cdninstagram.com/vp/154ef344cee7f2b1adc022a82dc2d0c4/5BC5BD0A/t51.2885-19/s150x150/25023349_2412656392293482_5102691786422222848_n.jpg
Bi0SFFHHyaL, yourstrulynando, 28.0, male, https://scontent-sjc3-1.cdninstagram.com/vp/1fb3a9b4cdac00413340a9905da82947/5BB41C69/t51.2885-19/s150x150/34816967_206230053395041_5179579384717115392_n.jpg
Bi0SFFHHyaL, yeisalazar, 27.0, female, https://scontent-sjc3-1.cdninstagram.com/vp/c80b8bbac4d18437c944ea262a0af26a/5BB2BDD2/t51.2885-19/s150x150/20687919_874337326066255_748803831248191488_a.jpg
Bi0SFFHHyaL, janekorolenko, , ,https://scontent-sjc3-1.cdninstagram.com/vp/b1671a0e36ab37cd4a4d15e2066f0398/5BC5C4AF/t51.2885-19/s150x150/23417121_145175102780422_5452175160788385792_n.jpg
Bi0A-5TlNSc, djrocmke, , ,https://scontent-sjc3-1.cdninstagram.com/vp/0095fc858f6af1227ac289928f63273f/5BACF705/t51.2885-19/s150x150/21480133_271706026667594_5290443352599166976_n.jpg
Bi0A-5TlNSc, la_reina_xx, , ,https://scontent-sjc3-1.cdninstagram.com/vp/33fce76742213416758ff5221c09e616/5BBB54D8/t51.2885-19/s150x150/34608747_452272178567583_8736392766340202496_n.jpg
Bi0A-5TlNSc, dj_madashlo, , ,https://scontent-sjc3-1.cdninstagram.com/vp/68178841c330c33c0bd8033bada4cbf0/5BE7740E/t51.2885-19/s150x150/26871786_1755050061469881_168175590573080576_n.jpg
Bi0A-5TlNSc, tamaralizlewis, , ,https://scontent-sjc3-1.cdninstagram.com/vp/b3fd251bfed9c28ec9c827d29dd65d63/5BABA964/t51.2885-19/s150x150/18096331_414952512220294_58144193511424000_a.jpg
Bi0A-5TlNSc, texynewmexy, 22.0, male, https://scontent-sjc3-1.cdninstagram.com/vp/e7c3a04bd69a155deb062a6684ffc6c0/5BA9EF66/t51.2885-19/s150x150/34355776_181227309229459_4205776136820490240_n.jpg
Bi0A-5TlNSc, a.jel_, , ,https://scontent-sjc3-1.cdninstagram.com/vp/0c7f32ba1c8fb96f14bf470e9ec3211a/5BADC6F9/t51.2885-19/s150x150/32947497_388959701621594_6298147949889191936_n.jpg
Bi0A-5TlNSc, twizzite, , ,https://scontent-sjc3-1.cdninstagram.com/vp/ceea00547ddf440af5fdb41eac1dba8d/5BEB3EDD/t51.2885-19/10919285_320967904779985_954552809_a.jpg
Bi0A-5TlNSc, abraham_rickurquizo, , ,https://scontent-sjc3-1.cdninstagram.com/vp/ff1437bef286b86a6d6392b1c1b8b604/5BE3E9E3/t51.2885-19/s150x150/22858016_1496024670476724_4463956954674364416_n.jpg
Bi0A-5TlNSc, scatch, , ,https://scontent-sjc3-1.cdninstagram.com/vp/99b3a7dcfd4501b988ce9b4280dd1d38/5BC935F7/t51.2885-19/s150x150/16229510_1755551431439062_1425594684578725888_a.jpg
Bi0A-5TlNSc, mikeysmols, , ,https://scontent-sjc3-1.cdninstagram.com/vp/7df0e167ad31527f5275ab320646f20b/5BCA9E34/t51.2885-19/s150x150/12677308_576755132473765_1143805103_a.jpg
Bixa3bYlalU, dinger3, , ,https://scontent-sjc3-1.cdninstagram.com/vp/1fe917a15a0da514c3e3f39e862cadf5/5BB8DF94/t51.2885-19/s150x150/14701266_183029058770311_5624269002780966912_a.jpg
Bixa3bYlalU, vibes1796, , ,https://scontent-sjc3-1.cdninstagram.com/vp/634a491aa3f3752973efc8b6aeb7b128/5BC63457/t51.2885-19/s150x150/26070960_161544614493758_9123250087122698240_n.jpg
Bixa3bYlalU, fashen, , ,https://scontent-sjc3-1.cdninstagram.com/vp/ba60e77747a5aa8b49f98c24853dcfe6/5BCA11B9/t51.2885-19/s150x150/26306860_140913939933533_8472417921639907328_n.jpg
Bixa3bYlalU, artistreplete, , ,https://scontent-sjc3-1.cdninstagram.com/vp/72462be58148dc1fe56bf2db1b118844/5BB3FEF7/t51.2885-19/s150x150/31434189_1628590887240208_701863837317464064_n.jpg
Bixa3bYlalU, mikefeltonfelton, , ,https://scontent-sjc3-1.cdninstagram.com/vp/b413e06b9883d845222c57aeefe78b65/5BCC1099/t51.2885-19/s150x150/28766069_2005000433097318_3763871109263392768_n.jpg
Bixa3bYlalU, e.spin_, , ,https://scontent-sjc3-1.cdninstagram.com/vp/4f035e22b42aa1806df7a6dd0f0da054/5BEB0290/t51.2885-19/s150x150/28763879_1912398705738515_6827419303805976576_n.jpg
Bixa3bYlalU, shaun.baluyot, , ,https://scontent-sjc3-1.cdninstagram.com/vp/1185c0aeb2680994895938509c800a9c/5BCBB3B9/t51.2885-19/s150x150/20987559_507456862920215_7043812744159559680_a.jpg
Bixa3bYlalU, djagentforte, , ,https://scontent-sjc3-1.cdninstagram.com/vp/4fb2919d1ec82f201219e903f9fa3f88/5BB40624/t51.2885-19/s150x150/21911188_126800704645670_1376981637677449216_n.jpg
Bixa3bYlalU, thejosephcrawford, , ,https://scontent-sjc3-1.cdninstagram.com/vp/a8f14e5d80d566b7342cf7d589bdd43a/5BE5F904/t51.2885-19/s150x150/28154704_529689444080252_3554299352581144576_n.jpg
Bixa3bYlalU, gibsonsclub, , ,https://scontent-sjc3-1.cdninstagram.com/vp/504f23e506e5750025a32490ff45577d/5BB75FB9/t51.2885-19/s150x150/18161651_1959443097620112_5478767403556929536_a.jpg
BixNj4rHjZX, mstanfa_, , ,https://scontent-sjc3-1.cdninstagram.com/vp/0f3a572985b229e95a1d9cbaf508812e/5BC66C18/t51.2885-19/s150x150/28753307_147424679286533_6155505098077241344_n.jpg
BixNj4rHjZX, sloshy24, , ,https://scontent-sjc3-1.cdninstagram.com/vp/8e1e76993de08e8f6c985f64b43a3166/5BB4E5A5/t51.2885-19/11934867_481773935319827_1428457107_a.jpg
BixNj4rHjZX, stallitsch, , ,https://scontent-sjc3-1.cdninstagram.com/vp/55df649221b82613635585f7123e4c88/5BBA6D71/t51.2885-19/11363639_1718236111739491_1355271817_a.jpg
BixNj4rHjZX, thurobredphoto, , ,https://scontent-sjc3-1.cdninstagram.com/vp/639f720d63968fc7a48fa8f351a67030/5BEAD39D/t51.2885-19/s150x150/28754685_397602134038591_7949748374838706176_n.jpg
BixNj4rHjZX, djalexdavid, , ,https://scontent-sjc3-1.cdninstagram.com/vp/ae15888c323d894877629eb531d94731/5BCAD586/t51.2885-19/s150x150/17817647_440431012958999_1816807282587992064_a.jpg
BixNj4rHjZX, rohini_89, , ,https://scontent-sjc3-1.cdninstagram.com/vp/ac86d22f456fd0d5083ba96b7ddafd8e/5BEA12E8/t51.2885-19/s150x150/33640339_2017826421801311_1857415150399651840_n.jpg
BixNj4rHjZX, brian.auriazul23, , ,https://scontent-sjc3-1.cdninstagram.com/vp/e180f02a8bdea89f280cc26831dca0cf/5BB30897/t51.2885-19/s150x150/29402543_220749238661571_5633667714074542080_n.jpg
BixNj4rHjZX, rogelio_coronado94, , ,https://scontent-sjc3-1.cdninstagram.com/vp/3eb97f29fb5ea2af3713612f403ef559/5BA97A65/t51.2885-19/s150x150/33713777_2062948493977638_5448815976671870976_n.jpg
BixNj4rHjZX, nick_offical9, , ,https://scontent-sjc3-1.cdninstagram.com/vp/2df56f0a5d4a00d512b3d4f9d0a47f28/5BE9EDBD/t51.2885-19/s150x150/26158108_209936792898982_6297764804446650368_n.jpg
BixNj4rHjZX, anarchyroll, , ,https://scontent-sjc3-1.cdninstagram.com/vp/eec6a3ed9ab8e049ccd13ca6bd47abcc/5BC92951/t51.2885-19/11875580_1196522813706443_218649211_a.jpg
BixJoNKnjAe, mishelaela, , ,https://scontent-sjc3-1.cdninstagram.com/vp/8ecbc25de129c1af3138d6e31e75174a/5BCD415E/t51.2885-19/s150x150/18380089_169808823548809_7772217439256838144_a.jpg
BixJoNKnjAe, ashleysiech, , ,https://scontent-sjc3-1.cdninstagram.com/vp/ebbae45693227b18b0526d4a74780799/5BE740CA/t51.2885-19/s150x150/30087974_192503911539176_8338425825451835392_n.jpg
BixJoNKnjAe, chirantan_pramanik, , ,https://scontent-sjc3-1.cdninstagram.com/vp/f10aa16dcde283f4134ddf87b667485d/5BAD795C/t51.2885-19/s150x150/33630444_480134755738024_9213887082617896960_n.jpg
BixJoNKnjAe, joe_licavoli, , ,https://scontent-sjc3-1.cdninstagram.com/vp/48161cb217b3debd93a8febf61063883/5BCB1E28/t51.2885-19/s150x150/21149306_822838521216232_5185195707291664384_a.jpg
BixJoNKnjAe, ms_yasia, , ,https://scontent-sjc3-1.cdninstagram.com/vp/ff7581d21213f79ee40030d7757ca29f/5BEB363C/t51.2885-19/s150x150/34114074_387532568321525_3134188436487929856_n.jpg
