SHORTCODE, COMMENT_ID, COMMENT_USER, COMMENT_TIME, COMMENT_TEXT, COMMENT_TAGS, COMMENT_MENTIONS
BhkMYKlB73d, 17909345800160563, fharbear, 2018-04-15 03:25:52, @makeupbykandice, , makeupbykandice 
BhkMYKlB73d, 17861566135300068, jessicawildthing, 2018-06-16 16:37:30, @crzydimp this place, , crzydimp 
BhetC3xBBVK, 17937045343027549, archerybrowstudio, 2018-04-12 11:58:43, See our DM and have a wonderful day ğŸ˜˜, , 
BhNIyC7BMdy, 17935732570019399, lamar_prince, 2018-04-05 15:27:01, Can you tell her to call me back when she has tequila? Cc: @therealhanshodvil, , therealhanshodvil 
BhNIyC7BMdy, 17940012688040270, sd_gypsea, 2018-04-05 20:54:24, @abearx, , abearx 
BhNIyC7BMdy, 17908116331155614, thedapperjuan, 2018-04-06 10:10:19, Nice!!! Next time I'm in SD definitely need to check you guys out!, , 
BhNIyC7BMdy, 17913509584193018, justhomemgz, 2018-04-20 16:03:32, â¬… Follow us! We are your inspiring guide and source for Trusted Home Improvement Specialist #Justhome, Justhome , 
BhMIlIihdBd, 17912038990143730, lavelledupree, 2018-04-05 11:40:12, ğŸ¤˜ğŸŒŸ, , 
BhMIlIihdBd, 17946866899067441, kamiilaaa_moniikaaa, 2018-05-31 12:01:55, @nikki_kray, , nikki_kray 
BhKu-L7BvYk, 17862520672239043, lavelledupree, 2018-04-04 17:02:36, ğŸ¤˜ğŸŒŸ, , 
BhKu-L7BvYk, 17936289976016454, theoxfordsd, 2018-04-04 20:08:42, #Nightlife #Nightclub #SanDiego #OxfordSocialClub #OxfordNights #GaslampQuarter #SanDiego #DowntownSanDiego #VisitSanDiego #AmericasFinestCity #SocialClub #BeSophisticated #LiveMusic #LuxuryLifestyle #CliqueHospitality #SocialLife #Hospitality #VIP, Nightlife Nightclub SanDiego OxfordSocialClub OxfordNights GaslampQuarter SanDiego DowntownSanDiego VisitSanDiego AmericasFinestCity SocialClub BeSophisticated LiveMusic LuxuryLifestyle CliqueHospitality SocialLife Hospitality VIP , 
BhKu-L7BvYk, 17865094948225982, italia_mx, 2018-04-04 21:43:30, ğŸ˜, , 
BhKu-L7BvYk, 17845585651300063, roberto_deejay_dellosso, 2018-04-05 00:36:42, ğŸ‘ŒğŸ‘Œ, , 
BhC8AvThjiW, 17876131606202054, theoxfordsd, 2018-04-01 16:15:13, #PendrySanDiego #OxfordNights #BeSophisticated #WeekendTribe #PartyTime #OxfordSocialClub #Nightlife #WeAreClique, PendrySanDiego OxfordNights BeSophisticated WeekendTribe PartyTime OxfordSocialClub Nightlife WeAreClique , 
BhC8AvThjiW, 17930427205068102, tommys_world_travels, 2018-04-01 17:07:43, Is smoking considered sophisticated now?, , 
BhADTINh8ul, 17937619081024736, greystonelounge, 2018-03-31 16:16:11, Love this ğŸ˜, , 
BhADTINh8ul, 17906786245151542, frannnnygirl, 2018-03-31 23:21:48, ğŸ˜, , 
Bg7688phmuz, 17913524182184120, timessquare69, 2018-04-19 07:49:37, :), , 
Bg6qMPth9yx, 17915615665092385, pendrysandiego, 2018-03-29 14:08:41, Yes! Hopefully we will be celebrating a victory âš¾ï¸, , 
Bg4134XBa0I, 17936598487004903, theoxfordsd, 2018-03-28 18:09:10, #oxfordsocialclub #oxfordsocialclub #nightlife #visitsandiego #sandiegoclub #sandiego #nightclub #djduo #scooterdj #lavelledupree #oxfordnights #weareclique #cliquehospitality #pendrysandiego #thependry #pendry #sd #gaslampquarter #gaslampdistrict, oxfordsocialclub oxfordsocialclub nightlife visitsandiego sandiegoclub sandiego nightclub djduo scooterdj lavelledupree oxfordnights weareclique cliquehospitality pendrysandiego thependry pendry sd gaslampquarter gaslampdistrict , 
Bg4134XBa0I, 17934467947039204, lavelledupree, 2018-03-28 18:22:54, The madness continues!! ğŸ¤˜ğŸŒŸ, , 
Bg4134XBa0I, 17915405221093391, sillykrilly, 2018-03-28 18:42:00, Canâ€™t wait!, , 
BgwLor6h_m-, 17874610036205290, theoxfordsd, 2018-03-25 09:38:45, #Nightlife #Nightclub #SanDiego #OxfordSocialClub #OxfordNights #GaslampQuarter #SanDiego #DowntownSanDiego #VisitSanDiego #AmericasFinestCity #SocialClub #BeSophisticated #LiveMusic #LuxuryLifestyle #CliqueHospitality #SocialLife #Hospitality #VIP #BlackBear #DoReMi #LivePerformance, Nightlife Nightclub SanDiego OxfordSocialClub OxfordNights GaslampQuarter SanDiego DowntownSanDiego VisitSanDiego AmericasFinestCity SocialClub BeSophisticated LiveMusic LuxuryLifestyle CliqueHospitality SocialLife Hospitality VIP BlackBear DoReMi LivePerformance , 
BgwLor6h_m-, 17934156463043546, actarus_luxury, 2018-03-25 09:47:54, Now that is living!!!ğŸ”¥ğŸ”¥ğŸ˜¤ğŸ˜¤, , 
BgwLor6h_m-, 17919359344116468, thefixtmovement, 2018-03-25 14:58:59, Cool!, , 
BguNhtih41d, 17860583575226313, theoxfordsd, 2018-03-24 15:09:16, #Nightlife #Nightclub #SanDiego #OxfordSocialClub #OxfordNights #GaslampQuarter #SanDiego #DowntownSanDiego #VisitSanDiego #AmericasFinestCity #SocialClub #BeSophisticated #LiveMusic #LuxuryLifestyle #CliqueHospitality #SocialLife #Hospitality #VIP, Nightlife Nightclub SanDiego OxfordSocialClub OxfordNights GaslampQuarter SanDiego DowntownSanDiego VisitSanDiego AmericasFinestCity SocialClub BeSophisticated LiveMusic LuxuryLifestyle CliqueHospitality SocialLife Hospitality VIP , 
BguNhtih41d, 17920009288098311, emilyghaderi, 2018-03-24 15:36:50, @paigecaleigh @cassmarie___, , paigecaleigh cassmarie___ 
BguNhtih41d, 17873287762214681, iamtigertony, 2018-03-24 17:26:35, @q.u.a.m, , q.u.a.m 
BguNhtih41d, 17872725301214329, pendrysandiego, 2018-03-24 18:39:59, ğŸ’•, , 
BguNhtih41d, 17932251388034670, cassiefelburg, 2018-03-24 20:12:47, Babes ğŸ˜, , 
BguNhtih41d, 17906709769188075, rubep_photography, 2018-03-25 03:34:15, ğŸ’•, , 
BguNhtih41d, 17924776813072199, faisal.sarb, 2018-03-25 10:50:05, @cassmarie___ ğŸ‘ŒğŸ»ğŸ‘ŒğŸ»ğŸ”¥, , cassmarie___ 
BguNhtih41d, 17918503966133315, zakidean, 2018-05-09 07:58:45, @emilyghaderi xo, , emilyghaderi 
BgrcXkahVZB, 17891426782194571, theoxfordsd, 2018-03-23 15:50:39, Oxford Hashtags  #Nightlife #Nightclub #SanDiego #OxfordSocialClub #OxfordNights #GaslampQuarter #SanDiego #DowntownSanDiego #VisitSanDiego #AmericasFinestCity #SocialClub #BeSophisticated #LiveMusic #LuxuryLifestyle #CliqueHospitality #SocialLife #Hospitality #VIP, Nightlife Nightclub SanDiego OxfordSocialClub OxfordNights GaslampQuarter SanDiego DowntownSanDiego VisitSanDiego AmericasFinestCity SocialClub BeSophisticated LiveMusic LuxuryLifestyle CliqueHospitality SocialLife Hospitality VIP , 
BgrcXkahVZB, 17931725140057386, jo.hann.b, 2018-03-24 11:38:14, @hnratner W A L K, , hnratner 
BgrcXkahVZB, 17934700048044422, xrismadness, 2018-03-24 22:20:24, Is this an 18+ event?, , 
BgoluSOldOM, 17935817671010066, thekorysmith, 2018-03-22 11:00:51, @b_zimmer5, , b_zimmer5 
BgoluSOldOM, 17919801904096570, theoxfordsd, 2018-03-22 13:32:16, #Nightlife #Nightclub #SanDiego #OxfordSocialClub #OxfordNights #GaslampQuarter #SanDiego #DowntownSanDiego #VisitSanDiego #AmericasFinestCity #SocialClub #BeSophisticated #LiveMusic #LuxuryLifestyle #CliqueHospitality #SocialLife #Hospitality #VIP, Nightlife Nightclub SanDiego OxfordSocialClub OxfordNights GaslampQuarter SanDiego DowntownSanDiego VisitSanDiego AmericasFinestCity SocialClub BeSophisticated LiveMusic LuxuryLifestyle CliqueHospitality SocialLife Hospitality VIP , 
BgoluSOldOM, 17919692593102674, _paola_ferrara_, 2018-03-22 13:37:46, âœ”âœ”âœ”âœ”, , 
BgoluSOldOM, 17918375308113435, gobrovideos, 2018-03-22 15:13:40, YasAasssss, , 
BghKyv5FXcQ, 17918962372099039, kaylynsenna, 2018-03-19 13:35:47, Do re mi ğŸ™ŒğŸ¼, , 
BghKyv5FXcQ, 17900147851171272, theoxfordsd, 2018-03-19 13:39:36, @kaylynsenna sing itğŸ¤âœ¨, , kaylynsenna 
BghKyv5FXcQ, 17931127471051225, ferastotle, 2018-03-19 14:57:26, @thankyoubarrymuch @stephen.mo11 @darrenomics, , thankyoubarrymuch stephen.mo11 darrenomics 
BghKyv5FXcQ, 17923296121074082, missashleywalker, 2018-03-19 15:20:36, ğŸ˜±ğŸ¤—, , 
BghKyv5FXcQ, 17914186192083592, thankyoubarrymuch, 2018-03-19 15:24:44, @ferastotle Iâ€™ll be in AZ ğŸ˜©, , ferastotle 
BghKyv5FXcQ, 17919025681104324, ericaalexis, 2018-03-19 15:36:03, @usarice, , usarice 
BghKyv5FXcQ, 17872629499203063, usarice, 2018-03-19 15:40:55, @ericaalexis Blackbear is lit, , ericaalexis 
BghKyv5FXcQ, 17857176532241974, ericaalexis, 2018-03-19 15:41:21, @usarice ğŸ™ŒğŸ¼ğŸ”¥, , usarice 
BghKyv5FXcQ, 17933712868026710, steph.anya, 2018-03-20 17:07:21, Down if this is what you were talking about @karenjjooyy, , karenjjooyy 
BghKyv5FXcQ, 17939746750039113, karenjjooyy, 2018-03-20 17:57:59, @steph.anya yassssss, , steph.anya 
BghKyv5FXcQ, 17919339784112068, theoxfordsd, 2018-03-22 13:32:33, #Nightlife #Nightclub #SanDiego #OxfordSocialClub #OxfordNights #GaslampQuarter #SanDiego #DowntownSanDiego #VisitSanDiego #AmericasFinestCity #SocialClub #BeSophisticated #LiveMusic #LuxuryLifestyle #CliqueHospitality #SocialLife #Hospitality #VIP #blackbear, Nightlife Nightclub SanDiego OxfordSocialClub OxfordNights GaslampQuarter SanDiego DowntownSanDiego VisitSanDiego AmericasFinestCity SocialClub BeSophisticated LiveMusic LuxuryLifestyle CliqueHospitality SocialLife Hospitality VIP blackbear , 
BgcEoyVl-Va, 17904644452192038, losangeles__nightlife, 2018-03-21 23:36:11, ğŸ˜ƒğŸ˜ƒ, , 
BgcEoyVl-Va, 17945356333052354, xoxobreyes, 2018-05-18 11:06:50, @_princess_sandyy, , _princess_sandyy 
BgZdyL6FAQw, 17917621135101146, lamar_prince, 2018-03-16 15:06:49, @therealhanshodvil they are challenging you with that caption ğŸ˜‚ #ZombieHans, ZombieHans , therealhanshodvil 
BgZdyL6FAQw, 17903026318179185, nicole_camaratta, 2018-03-16 23:42:34, @nikkinewell, , nikkinewell 
BgZdyL6FAQw, 17915698561122011, nikkinewell, 2018-03-17 03:49:05, @nicole_camaratta ğŸ˜‚â¤ï¸, , nicole_camaratta 
BgWVeRSgWeO, 17870670469209363, shawnkstyles, 2018-03-15 09:25:30, #mood, mood , 
BgWVeRSgWeO, 17869872745220209, theoxfordsd, 2018-03-15 12:10:06, @shawnkstyles always mood.. âœ¨, , shawnkstyles 
BgWVeRSgWeO, 17871181732213435, mckinnon51, 2018-03-15 12:43:20, @dr.jacobi, , dr.jacobi 
BgWVeRSgWeO, 17933427394021459, scooterdj, 2018-03-15 13:13:18, Those your legs @djaylasimone ?, , djaylasimone 
BgWVeRSgWeO, 17912362540089609, drew_sdnightlife, 2018-03-16 00:59:20, Is that you @taghreed_____ ?, , taghreed_____ 
BgMZysOAQIh, 17916184243110240, camlife3, 2018-03-11 15:41:38, Jrock in the back on his damn phone...lol classic!!!, , 
BgMZysOAQIh, 17911714042090960, alikitten, 2018-03-11 18:21:49, @cinemazay killed it! Photos look great, , cinemazay 
BgMZysOAQIh, 17929036738058502, bobaloca112, 2018-03-11 19:16:17, @luvchocol8s this is the club i mentioned a while back haha, , luvchocol8s 
BgMZysOAQIh, 17902856599151131, cien_mariexo, 2018-03-13 13:36:27, Your page is ğŸ”¥ keep it up ğŸ‘ ğŸ‘, , 
BgHcN6KgG2P, 17870121988200490, samleesd, 2018-03-09 12:43:16, ğŸ‘¸ğŸ»ğŸ¾ğŸ‰, , 
BgHcN6KgG2P, 17915705425112800, patrickjcarroll, 2018-03-09 13:54:01, @cassiefelburg you famous, , cassiefelburg 
BgHcN6KgG2P, 17930892943028371, lamar_prince, 2018-03-09 16:22:53, @cassiefelburg I say we get the other two girls tagged and get a Bumble Best friends group chat rolling lmao.  Cc: @patrickjcarroll @therealhanshodvil bcc: @theoxfordsd, , cassiefelburg Cc: patrickjcarroll therealhanshodvil theoxfordsd 
BgHcN6KgG2P, 17856586318232497, cassiefelburg, 2018-03-09 16:27:27, @lamar_prince I found your husbands @ally_foster @britttbrown ğŸ˜‚ğŸ’, , lamar_prince ally_foster britttbrown 
BgHcN6KgG2P, 17856725572234009, britttbrown, 2018-03-09 16:31:06, @ally_foster @cassiefelburg love this!!! Miss you girlsğŸ’ğŸ’, , ally_foster cassiefelburg 
BgHcN6KgG2P, 17911349284081477, lamar_prince, 2018-03-09 16:33:41, @cassiefelburg youâ€™re the real mvp ğŸ˜‚ But also itâ€™s 2018  smh at @ally_foster for being on private. Might have to leave her out of the group chat tbh., , cassiefelburg smh ally_foster 
BgHcN6KgG2P, 17928328438011760, ally_foster, 2018-03-09 16:56:38, @britttbrown miss you B!, , britttbrown 
BgFTr91BizF, 17856649024237799, djmistergray, 2018-03-09 14:21:42, ğŸ˜ğŸ˜, , 
BgEzwtkgFcv, 17868829018219113, pendryhotels, 2018-03-08 16:51:18, ğŸ’•, , 
BgEzwtkgFcv, 17902410574193292, queenvictoriasd, 2018-03-09 03:38:30, The beautiful woman and talented too!ğŸ’ªğŸ’ªğŸ’ª, , 
BgEzwtkgFcv, 17912608702082972, sergioflasher, 2018-03-15 11:48:55, Nice, , 
BgCNnXXgLJh, 17928438010046405, theoxfordsd, 2018-03-07 11:59:36, #EricBellinger #OxfordSocialClub #OxfordNights #PendrySanDiego #GaslampQuarter #NightLife #VisitSanDiego, EricBellinger OxfordSocialClub OxfordNights PendrySanDiego GaslampQuarter NightLife VisitSanDiego , 
BgCNnXXgLJh, 17928774604005728, alikitten, 2018-03-07 12:25:32, Aww yeaaah, , 
BgCNnXXgLJh, 17930605579033109, missali.le, 2018-03-07 12:25:48, ğŸ¶ğŸ¶ğŸ¶ğŸ¶ğŸ¶ğŸ¶, , 
BgCNnXXgLJh, 17901469384154433, misstinalashy, 2018-03-08 18:43:56, @maganda_glam, , maganda_glam 
BgCNnXXgLJh, 17911104532095009, misstinalashy, 2018-03-08 19:04:34, @maganda_glam, , maganda_glam 
BgCNnXXgLJh, 17931219718006383, sandiego_nights, 2018-03-20 15:35:58, ğŸ™ŒğŸ½ğŸ™ŒğŸ½, , 
Bf4XlxYjMLm, 17929856914014058, calicraftygoods, 2018-03-03 17:41:51, Donut stop being you! ;D, , 
Bf1nldPj5cf, 17898322762164469, lexie___f, 2018-03-02 14:36:49, @christianna.knutson miss your face!ğŸ’, , christianna.knutson 
Bf1nldPj5cf, 17868176179210351, samleesd, 2018-03-02 14:39:18, ğŸ’ƒğŸ»ğŸ¾, , 
Bf1nldPj5cf, 17928263449041493, christianna.knutson, 2018-03-02 14:40:11, @lexfaheyy miss you too!! â¤ï¸ğŸ˜˜, , lexfaheyy 
Bf1nldPj5cf, 17927746261028663, christianna.knutson, 2018-03-02 14:42:31, Extremely rare sighting caught on camera of me holding a glass of champagne and not a tequila pineapple lol, , 
Bf1nldPj5cf, 17855937391225295, theoxfordsd, 2018-03-02 23:15:51, @christianna.knutson lifeâ€™s all about balance ğŸ¥‚â˜ºï¸âœ¨, , christianna.knutson 
BfmpX9JD0mg, 17886064609198655, kelseylkehler, 2018-02-24 19:12:55, Can u send all these pics of me, , 
BfmpX9JD0mg, 17909023843085378, theoxfordsd, 2018-02-24 19:35:32, @kelseylkehler theyâ€™re all posted to our Facebook page!, , kelseylkehler 
BfmpX9JD0mg, 17895502657171969, alikitten, 2018-02-24 20:31:38, Can you also personally send every photo of me taken at oxford ever, , 
BfmpX9JD0mg, 17903048530138248, thysocio, 2018-02-24 23:31:47, Nice feed   keep it up :), , keep 
BfmpX9JD0mg, 17918730511072652, thefoxhorse, 2018-02-25 00:09:23, Are You hiring ?, , 
BfmpX9JD0mg, 17895836749168823, yeponthisday, 2018-02-27 04:33:48, Great ğŸ“·, , 
BfmpX9JD0mg, 17898337327166140, sillykrilly, 2018-02-28 10:29:20, I gotchu @kelseylkehler come back to sd so we can grab dinner at @lionfishsd then head down to ox to dance on tables, , kelseylkehler lionfishsd 
BfmpX9JD0mg, 17914624480129076, kelseylkehler, 2018-02-28 17:40:51, @sillykrilly pencil me in your calendar!! April 19-24 ğŸ‰, , sillykrilly 
BfmpX9JD0mg, 17900936416144170, sillykrilly, 2018-02-28 19:03:58, @kelseylkehler done&amp;done;, , kelseylkehler 
BfmpX9JD0mg, 17903319988152909, sergioflasher, 2018-03-15 11:49:44, Dance all night long, , 
BfjlGtnDDkU, 17899262884159295, missali.le, 2018-02-23 15:17:33, ğŸŸDAY + ğŸ¾ = ğŸ˜, , 
BfjlGtnDDkU, 17901095470147422, frank.eo, 2018-03-02 15:27:04, ğŸ”¥ğŸ”¥ğŸ”¥, , 
BfjlGtnDDkU, 17908475122133672, davidtwistcarrillo, 2018-03-27 13:11:12, Looks like a nice spot  definitely gotta check it out when I'm in town, , definitely 
BfhYBvFDmq3, 17921039932065701, mevale78, 2018-02-22 18:28:40, Dammm never realized that was painted on there lol, , 
BfT-uNAjpUR, 17885263606197689, wearerichgroup, 2018-02-17 21:27:07, Let's get it @stonerokk @theoxfordsd ğŸ’°ğŸ’°, , stonerokk theoxfordsd 
BfT-uNAjpUR, 17912361025100681, stonerokk, 2018-02-17 21:53:53, @wearerichgroup which one do you want me to get you?, , wearerichgroup 
BfT-uNAjpUR, 17924534872016719, wearerichgroup, 2018-02-17 21:54:56, @stonerokk all, , stonerokk 
BfT-uNAjpUR, 17925665056055411, stonerokk, 2018-02-17 23:55:08, @wearerichgroup hashtag white trophies, , wearerichgroup 
BfT-uNAjpUR, 17900200897185128, wearerichgroup, 2018-02-17 23:55:45, @stonerokk it's snowing!, , stonerokk 
BfT-uNAjpUR, 17853167332228145, thestylistla, 2018-02-19 11:15:48, yasss!, , 
BfT-uNAjpUR, 17931564226023085, beaumaitred, 2018-03-20 20:19:26, @drebabyyy, , drebabyyy 
BfFgKJkDPB3, 17893181506173904, pendrysandiego, 2018-02-11 22:54:26, ğŸ¥‚âœ¨, , 
Be-kLWNjK-X, 17864126173214663, therealhanshodvil, 2018-02-09 07:31:34, That fit doe @iamjroc ğŸ¤™ğŸ½, , iamjroc 
Be-kLWNjK-X, 17896203967180048, paolaxnunez, 2018-02-09 11:27:24, #powercouple âœ¨, powercouple , 
Be-kLWNjK-X, 17923675612014728, fvwnzho, 2018-02-09 12:47:05, #squuuuuad, squuuuuad , 
Be-kLWNjK-X, 17923184317047530, germanimport, 2018-02-10 18:58:07, ğŸ‘Œ, , 
Be-kLWNjK-X, 17898095272158230, tspxyz, 2018-02-20 07:48:44, Cool feed !ğŸ‘ğŸ‘Œ, , 
Be1kxzYjrhI, 17863085896219370, phenomenalari, 2018-02-05 18:03:52, ğŸ˜, , 
Be1kxzYjrhI, 17924004271006770, theoxfordsd, 2018-02-05 18:55:04, #treysongz #oxfordnights #pendry #pendrysandiego #gaslampquarter #sandiego #sdnightlife #mcm #oxfordsocialclub #nightout #visitsandiego, treysongz oxfordnights pendry pendrysandiego gaslampquarter sandiego sdnightlife mcm oxfordsocialclub nightout visitsandiego , 
Be1kxzYjrhI, 17914601311073109, keoana619, 2018-02-05 20:36:43, @snbecker @justynabkloda @s_arcala, , snbecker justynabkloda s_arcala 
Be1kxzYjrhI, 17894395735167243, stephania_dimonico, 2018-02-05 21:10:00, @michelle31axo @jess_sweet_charity we were there! ğŸ˜, , michelle31axo jess_sweet_charity 
Be1kxzYjrhI, 17905247383087984, aley10mar, 2018-02-05 22:06:08, Memories ğŸ˜† it was a great night!, , 
Be1kxzYjrhI, 17930347588022305, iamxavierwhite, 2018-03-03 22:11:07, ğŸ’«, , 
BevYsc6DB2q, 17895549484192067, theoxfordsd, 2018-02-03 08:01:31, #pendrysandiego #pendry #oxfordnights #gaslampquarter #sandiego #sdnightlife #vibes #1942 #downtownsandiego #babeswhodj #dj #skamartist, pendrysandiego pendry oxfordnights gaslampquarter sandiego sdnightlife vibes 1942 downtownsandiego babeswhodj dj skamartist , 
BevYsc6DB2q, 17905055632085072, pendryhotels, 2018-02-03 08:06:43, ğŸ™ŒğŸ»ğŸ™ŒğŸ», , 
BevYsc6DB2q, 17907256333120179, kaylynsenna, 2018-02-03 08:30:22, Yes!!, , 
BevYsc6DB2q, 17923059136012288, saintclairmusic, 2018-02-03 09:36:20, Get the @donjuliotequila ready! #1942crew, 1942crew , donjuliotequila 
BevYsc6DB2q, 17910002083097933, pendryhotels, 2018-02-03 10:39:44, @saintclairmusic âœ”ï¸âœ”ï¸, , saintclairmusic 
BerCb-UjXT5, 17909208112113295, limoguy, 2018-02-01 16:03:17, Awesome! ğŸ‘ğŸ‘ğŸ‘, , 
Beqq6RwDQ4P, 17895893923154006, phenomenalari, 2018-02-01 12:17:49, @ceminto, , ceminto 
Beqq6RwDQ4P, 17921713579001206, therealhanshodvil, 2018-02-02 08:49:07, @shradio, , shradio 
Beb76ifg6X6, 17895100207152248, luv_morena69, 2018-01-27 14:15:17, @melaniehino this is where he works, , melaniehino 
Beb76ifg6X6, 17869010668214245, flygirltai, 2018-03-05 21:24:35, @kristinapdt this is the club we need to go to :), , kristinapdt 
Beb76ifg6X6, 17912884123121990, kristinapdt, 2018-03-05 22:38:03, @flygirltai yeaaa!!!, , flygirltai 
BeZKayVjXdM, 17862386095201468, ashleyrowen, 2018-01-25 16:53:10, I know what youâ€™re doing @fvwnzho, , fvwnzho 
BeZKayVjXdM, 17846861680234991, sillykrilly, 2018-01-25 16:55:24, Itâ€™s almost been a yr @kelseylkehler &amp; @tabsmarie remember this night with @xoasho n others ill DM yall soon for an upcoming party, , kelseylkehler tabsmarie xoasho 
BeZKayVjXdM, 17921230165011691, tabsmarie, 2018-01-25 16:56:54, Yep i do! What a fun night ğŸ‰, , 
BeZKayVjXdM, 17879459566198095, fvwnzho, 2018-01-25 17:57:53, @ashleyrowen selling champagne knowing me ğŸ¤·ğŸ¾â€â™‚ï¸ğŸ˜‚, , ashleyrowen 
BeZKayVjXdM, 17903194744086444, kelseylkehler, 2018-01-25 19:55:59, @sillykrilly text the babes. Wish I could be there ğŸ˜˜ @nicole_.bruno @cassiebaum @joslinnnn @midwestcoastgirl @valeriuhvalencia @mayamonza @tanya_khoury @paigekems @burntsienaaa, , sillykrilly nicole_.bruno cassiebaum joslinnnn midwestcoastgirl valeriuhvalencia mayamonza tanya_khoury paigekems burntsienaaa 
BeZKayVjXdM, 17921364550049753, rubep_photography, 2018-01-26 02:11:30, ğŸ‘Œ, , 
BeZKayVjXdM, 17914594738076976, sillykrilly, 2018-02-03 16:51:46, @kelseylkehler happy happy bday ğŸ‚, , kelseylkehler 
BeT59RyjkbC, 17908087876129999, therealdesv_, 2018-01-23 17:19:26, @jaayveee_, , jaayveee_ 
BeT59RyjkbC, 17920447804010192, taylereatseverything, 2018-01-24 01:51:21, ğŸ™Œ, , 
BeGigtCDFlU, 17892023416152119, iamjroc, 2018-01-18 11:18:20, ğŸ¤˜ğŸ½, , 
BeGigtCDFlU, 17913390904064682, cinemazay, 2018-01-18 11:21:09, Good one, , 
BeGigtCDFlU, 17893085383149271, theresandiego, 2018-01-18 11:29:00, ğŸ¤£ğŸ™Œ, , 
BeGigtCDFlU, 17918643217005924, lisa.remillard, 2018-01-18 11:29:10, @brittanylett ğŸ™ŒğŸ¼, , brittanylett 
BeGigtCDFlU, 17920567924057777, plantsandbalance, 2018-01-18 11:34:06, relatable @lexig520 @ruuubysoho @o.shelton ğŸ˜ˆ, , lexig520 ruuubysoho o.shelton 
BeGigtCDFlU, 17906728669106402, addypadilla, 2018-01-18 11:35:33, @meleehonebee oh man  Iâ€™ve had that feeling. lol., , meleehonebee Iâ€™ve 
BeGigtCDFlU, 17904503845123054, christinamisleh, 2018-01-18 11:43:27, @charlenehannakoussa @k_slaayy, , charlenehannakoussa k_slaayy 
BeGigtCDFlU, 17910847132078977, danielrhernandezphotography, 2018-01-18 11:53:28, @elprezpb, , elprezpb 
BeGigtCDFlU, 17860025131215608, deejaylomo, 2018-01-18 12:13:02, #turnup ğŸ™ŒğŸ½ğŸ™ŒğŸ½, turnup , 
BeGigtCDFlU, 17846446309230493, meleehonebee, 2018-01-18 13:22:26, @addypadilla lmao so relatable  right, , addypadilla right 
BeGigtCDFlU, 17919493024054953, keoana619, 2018-01-18 14:03:03, @knwalker00 ğŸ˜‚, , knwalker00 
BeGigtCDFlU, 17892857767150230, fiine.chinaa, 2018-01-18 14:18:41, ğŸ˜‚ğŸ˜‚ğŸ˜‚ @milkysilkee, , milkysilkee 
BeGigtCDFlU, 17918645221001998, milkysilkee, 2018-01-18 14:28:28, @fiine.chinaa throw the flag like fuck it. We just worried bout what we doin in the moment., , fiine.chinaa 
BeGigtCDFlU, 17919849208005541, jessicalbosworth, 2018-01-18 14:49:14, @laurenlostumo sounds like us #Whoops, Whoops , laurenlostumo 
BeGigtCDFlU, 17861423014207523, laurenlostumo, 2018-01-18 14:55:57, @jessicalbosworth hahha yup ğŸ™ŒğŸ¼ğŸ˜‚, , jessicalbosworth 
BeGigtCDFlU, 17902431091095446, kaaybiie, 2018-01-18 16:10:35, @krizzy_azn25, , krizzy_azn25 
BeGigtCDFlU, 17919596293002456, xochka, 2018-01-18 16:38:26, @isislimary ğŸ˜‚ğŸ˜‚ğŸ˜‚, , isislimary 
BeGigtCDFlU, 17919549064016572, cinnndo, 2018-01-18 16:46:14, @simplysimplify come for a weekend and get cray with me, , simplysimplify 
BeGigtCDFlU, 17911489534078108, drey_uh, 2018-01-18 17:29:15, @jessdoooit @alexg144 thatâ€™s what those shots tasted like last week ğŸ¤¦ğŸ»â€â™€ï¸, , jessdoooit alexg144 
BeGigtCDFlU, 17919736225003561, jessdoooit, 2018-01-18 17:30:25, @drey_uh ğŸ˜‚ğŸ˜‚ğŸ˜‚, , drey_uh 
BeGigtCDFlU, 17919049654051685, kimbersystem, 2018-01-18 17:30:46, @corbindalis Youâ€™ve failed because I dont remember seeing this and it wasnt because the alcohol. Requesting #TheDoOver, TheDoOver , corbindalis 
BeGigtCDFlU, 17910606610072951, corbindalis, 2018-01-18 17:35:37, @kimbersystem that's not from there haha, , kimbersystem 
BeGigtCDFlU, 17901626977088085, kimbersystem, 2018-01-18 17:38:27, @corbindalis ğŸ’ğŸ»â€â™‚ï¸ They why did they post it. Shhhesh. Well find it!! Lol, , corbindalis 
BeGigtCDFlU, 17918996182046039, veggiepizzaqueen, 2018-01-18 17:54:59, Aha love it ğŸ‘ŒğŸ¼ğŸ˜‚ğŸ˜ğŸ¤·â€â™€ï¸, , 
BeGigtCDFlU, 17920358416016946, pitwife115, 2018-01-18 20:32:47, @jessicahappens @natalyxm yes please!, , jessicahappens natalyxm 
BeGigtCDFlU, 17906057479121566, jessicahappens, 2018-01-18 20:43:43, @pitwife115 truth., , pitwife115 
BeGigtCDFlU, 17878462408199247, natalyxm, 2018-01-18 21:27:45, @pitwife115 yessss!, , pitwife115 
BeGigtCDFlU, 17919724741061421, krizzy_azn25, 2018-01-20 20:12:12, @ kryzaie so true ğŸ˜‚, , 
BeGigtCDFlU, 17895301702190342, brittanivc1, 2018-01-23 18:23:07, @piccadilly_lilly @sweetshannz, , piccadilly_lilly sweetshannz 
BeEY7qOjrxT, 17890537540163383, limoguy, 2018-01-17 15:47:42, ğŸ˜œğŸ˜œğŸ˜œğŸ‘ğŸ‘ğŸ‘ğŸ’ªğŸ’ªğŸ’ªğŸ˜‚ğŸ˜‚ğŸ˜‚, , 
BdxWDbejEkx, 17892482488130493, 33jazzygirl, 2018-01-10 08:14:50, Yessssss, , 
BdxWDbejEkx, 17919844606063845, jazzynic0le, 2018-01-10 16:47:19, ğŸ’œğŸ’œğŸ’œ, , 
BdxWDbejEkx, 17891775067182702, missali.le, 2018-01-10 17:22:47, ğŸš€ğŸš€ğŸš€ğŸš€ğŸš€ğŸš€, , 
Bdpmmy5DcUI, 17844359794231708, djmikeattack, 2018-01-07 09:20:51, ğŸ˜ğŸ‘ŒğŸ”¥, , 
Bdpmmy5DcUI, 17892756259190373, danielle_hernandez, 2018-01-07 14:16:22, @casiarnold, , casiarnold 
Bdpmmy5DcUI, 17912037565069957, defin8fitnessbytrixie, 2018-01-13 01:49:53, This is great!, , 
BdifKAkj1vy, 17843546497234827, realestatelegalsolutions, 2018-01-05 15:52:45, ğŸ‘Š, , 
BdZY6GAjgyy, 17891511331184339, rubep_photography, 2017-12-31 23:05:41, ğŸŒ·ğŸŒ·ğŸŒ·ğŸŒ·ğŸŒ·ğŸŒ·ğŸŒ·ğŸŒ¾ğŸŒ¾ğŸŒ¾ğŸŒ¾ğŸŒ·ğŸŒ·ğŸµğŸŒ¹ğŸ¥€ğŸŒºğŸŒ»ğŸŒ¼, , 
BdZY6GAjgyy, 17894048569141752, louisloother, 2018-01-01 03:01:39, Killing it @theoxfordsd ğŸ’¯ğŸ’¯ğŸ’¯, , theoxfordsd 
BdZY6GAjgyy, 17843217730224929, yoncprice, 2018-01-01 06:02:58, ğŸ™ŒğŸ¾, , 
BdZY6GAjgyy, 17858839507201711, crewvent, 2018-01-01 17:51:14, Dime Crew, , 
BdZY6GAjgyy, 17915968744052165, tokenmcsmokes619, 2018-01-01 19:28:28, Gorgeous, , 
BdZY6GAjgyy, 17856536680222560, sandiegoinspiration, 2018-01-02 09:38:59, Great flick here! Let me know what you think about mine, , 
BdWEBMuj3qy, 17901475612123029, xoxoclaudine, 2017-12-30 15:56:21, Eat something, , 
BdVW0MpjAf-, 17916103942063768, theoxfordsd, 2017-12-30 08:50:11, #OxfordNights #NYE #SanDiegoNYE #PendrySanDiego #PendryNYE, OxfordNights NYE SanDiegoNYE PendrySanDiego PendryNYE , 
BdVW0MpjAf-, 17907732016074466, thejennwheezy, 2017-12-30 10:43:20, @cait_teixeira ğŸ’ƒğŸ½ğŸ’ƒğŸ½ğŸ’ƒğŸ½, , cait_teixeira 
BdNobgajmSW, 17915100913037092, theoxfordsd, 2017-12-27 08:53:29, #pendrysandiego #oxfordsocialclub #nightlife #nyeweekend #sandiego #downtownsd #gaslampquarter, pendrysandiego oxfordsocialclub nightlife nyeweekend sandiego downtownsd gaslampquarter , 
BdNobgajmSW, 17891645596136816, mckinnon51, 2017-12-27 09:17:55, @chelsearoth nye, , chelsearoth 
BdNobgajmSW, 17914492105055397, johannapartida, 2017-12-27 11:36:13, @theoxfordsd celebrating my bday there tomorrow night ğŸ‰, , theoxfordsd 
BdDjjobjFzm, 17914943353005070, socalgal812, 2017-12-24 01:32:27, @nataliewilliamsofficial, , nataliewilliamsofficial 
BdDjjobjFzm, 17890921366136798, socalgal812, 2017-12-24 01:32:54, @socalgal812 @christinaquarternik, , socalgal812 christinaquarternik 
BdA3F8rDXdt, 17887889998150682, therealhanshodvil, 2017-12-22 10:54:17, this just ruined my Friday..I guess Iâ€™ll stay sober before New Years ğŸ˜¢ cc: @lamar_prince, , lamar_prince 
BdA3F8rDXdt, 17897183986094176, hannie_k, 2017-12-22 11:59:43, @therealhanshodvil ur so dramatic. Come to bang and have a punch bowl lol, , therealhanshodvil 
BdA3F8rDXdt, 17901891922097828, therealhanshodvil, 2017-12-22 12:00:48, @hannie_k CAN I LIVE, , hannie_k 
BdA3F8rDXdt, 17914473454046807, hannie_k, 2017-12-22 12:52:55, @therealhanshodvil ğŸ¤£ğŸ¤£ğŸ¤£, , therealhanshodvil 
BdA3F8rDXdt, 17842015714241243, madeinam_erika, 2017-12-22 13:20:41, @therealhanshodvil @hannie_k im dying ğŸ˜‚, , therealhanshodvil hannie_k 
BdA3F8rDXdt, 17883251503144618, therealhanshodvil, 2017-12-22 13:36:01, @madeinam_erika Iâ€™m about to report @hannie_k #onlinebully, onlinebully , madeinam_erika hannie_k 
BdA3F8rDXdt, 17855976154205203, hannie_k, 2017-12-22 13:52:22, @therealhanshodvil ğŸ˜˜ Iâ€™m just a sour patch kid lol right @madeinam_erika ?!, , therealhanshodvil madeinam_erika 
BdA3F8rDXdt, 17914231228012692, lamar_prince, 2017-12-22 13:53:45, @therealhanshodvil we should bring headphones  Stand outside Oxford  and have our own silent disco with lil uzi xo tour life on repeat. #allmyfriendsaredead, allmyfriendsaredead , therealhanshodvil Stand and 
BcvSexBDMtQ, 17883219157173980, theoxfordsd, 2017-12-15 14:01:10, #OxfordNights #SanDiego #Nightlife #GaslampQuarter #PendrySanDiego #OxfordSocialClub #ChampagnePlease, OxfordNights SanDiego Nightlife GaslampQuarter PendrySanDiego OxfordSocialClub ChampagnePlease , 
BcvSexBDMtQ, 17914074709048548, sangria_mami, 2017-12-15 14:50:25, @taylorbale @vnnikv @cassandra.fisher need to update to this one haha, , taylorbale vnnikv cassandra.fisher 
BcvSexBDMtQ, 17905221271075020, minimaritza, 2017-12-15 15:04:41, @babyj_91 This doorbell is life!, , babyj_91 
BcvSexBDMtQ, 17912397040041439, alison_benson1, 2017-12-15 17:33:55, @amybo_bamy, , amybo_bamy 
BcvSexBDMtQ, 17913025492052925, djmikeattack, 2017-12-15 19:10:27, Ayyyy! Letâ€™s go  just touched down!!, , just 
BcvSexBDMtQ, 17900705473129088, oatwayemma, 2017-12-16 22:18:16, @pedram_lasvegas @willkopera I need this asap, , pedram_lasvegas willkopera 
BcvSexBDMtQ, 17905689466072473, badgirlbeauties, 2017-12-20 20:37:31, Thanks ?, , 
BcvSexBDMtQ, 17919231331057018, thatbenjones, 2018-01-07 18:39:38, This reminds me of @bobbobricard ğŸ¥‚, , bobbobricard 
BcaypRLjfMf, 17911781149011986, ryanssong, 2017-12-07 21:56:51, ğŸ˜, , 
BcNxDmODZlY, 17898633241108086, taylereatseverything, 2017-12-04 09:00:31, ğŸ¤©, , 
BcIqGXtjbU5, 17910598960040066, djdecon, 2017-11-30 14:39:49, ğŸ”¥ğŸ”¥ğŸ¾, , 
BcIqGXtjbU5, 17870963713199229, certifr1ed, 2017-11-30 22:26:09, ğŸ”¥, , 
BcIqGXtjbU5, 17852389486202360, jimmygrizzley, 2017-11-30 23:11:02, @theoxfordsd gotta get me on the decks one night ğŸ”¥ğŸ§ğŸ‰ğŸ¶, , theoxfordsd 
Bb4smVYjoOF, 17884154053190990, sandiegobestbarber, 2017-11-30 06:08:45, Keep up the good work  great feed. Check mines., , great 
BbqEA2ajHKn, 17908968028009819, djbobbyfrench, 2017-11-18 16:56:42, Let's do it!, , 
BbqEA2ajHKn, 17882490520193814, oh_hexxx_yeeah, 2017-11-19 08:42:35, Oh what a night ğŸŒ™, , 
BbqEA2ajHKn, 17849391826217061, theglistshow, 2017-11-21 15:01:52, Nice postings keep up the good work., , 
BbqEA2ajHKn, 17895312064126556, motioncovers, 2017-11-23 12:34:08, Nice here  really nice ğŸ“·. Check my photos when you can ., , really 
BbiVg4jj03x, 17895647521110106, destellocreations, 2017-11-15 18:32:32, ğŸ’ âœ¨, , 
BbiVg4jj03x, 17881805335180759, baly415, 2017-11-15 18:33:31, I WANT.......no NEED those shoes! ğŸ˜ğŸ˜, , 
BbiVg4jj03x, 17896941817099184, madisonrosehere, 2017-11-15 19:16:08, Great flick here! Let me know what you think about mine, , 
BbiVg4jj03x, 17913904654054425, djlucke, 2017-12-22 14:23:06, ğŸ‘ŒğŸ‘Š, , 
BbVaNCdDSRO, 17894478430106990, djspryte, 2017-11-10 16:25:15, ğŸ’¥ğŸ™ŒğŸ’¥ğŸ™ŒğŸ’¥, , 
BbVaNCdDSRO, 17890770466084082, jimmygrizzley, 2017-11-11 09:50:26, Gotta get in there for a guest DJ set .. hit me up ğŸ‘ŠğŸ”¥ğŸ§ğŸ¶, , 
BbVaNCdDSRO, 17885041972137958, justeastside, 2017-11-11 17:02:14, ğŸ’¯ğŸ’¯ğŸ’¯, , 
BbVaNCdDSRO, 17908067485045473, boonleague, 2017-11-13 14:12:54, I see good posts on your feed., , 
BbVaNCdDSRO, 17908412791025607, parqrestaurant, 2017-11-14 08:16:36, ğŸ‘, , 
BbAgZ5ODXu8, 17908520536008602, awardboominthepromoter, 2017-11-03 15:02:38, ğŸ”¥ğŸ”¥ğŸ”¥, , 
BbAgZ5ODXu8, 17847166936213275, dailyadviceformen, 2017-11-03 23:15:56, ğŸ‘, , 
Ba4dRoZjBKF, 17906299174052833, awardboominthepromoter, 2017-11-05 08:29:19, ğŸ”¥ğŸ”¥ğŸ”¥, , 
Bacw2gxArBe, 17903951161046891, champagneallyear, 2017-10-19 17:22:14, YASSSğŸ¾ğŸ¥‚ğŸ¾ğŸ¥‚, , 
Bacw2gxArBe, 17895273301078797, dailyadviceformen, 2017-10-20 12:42:16, ğŸ‘, , 
BaNCdK9gLSL, 17898862321065059, roxanab, 2017-10-14 12:48:19, @ronela_tirla, , ronela_tirla 
BaKWrmDgz11, 17862374779199360, littleitalysandiego, 2017-10-12 19:44:17, Place looks amazing. We will have to visit soon!, , 
BaKWrmDgz11, 17902198936003253, parqrestaurant, 2017-10-13 11:45:49, ğŸ‘, , 
BaKWrmDgz11, 17895895846096870, pattycorry, 2017-11-15 13:49:06, @j_pereira_, , j_pereira_ 
BaKWrmDgz11, 17883279886145533, rheashambie, 2017-11-25 16:03:44, @mgigi08 ğŸ˜ƒ, , mgigi08 
BaKWrmDgz11, 17895411586127536, itstrishakayhey, 2017-11-26 19:12:38, ğŸ¦‹ğŸ¦‹ğŸ’«âœ¨ğŸ–¤âœ”ï¸ğŸ€ğŸ™ğŸ¼ğŸ—ğŸ’ªğŸ¼, , 
BZ7TI3MgRJ0, 17901082846000536, j__leigh__g, 2017-10-06 17:31:34, @raeallie333 we are going here the night after we finish whole30, , raeallie333 
BZ7TI3MgRJ0, 17877101161147217, mrguizar, 2017-10-06 19:33:02, @nader_habibi, , nader_habibi 
BZ7TI3MgRJ0, 17878820653141464, parqrestaurant, 2017-10-06 21:02:56, ğŸ‘, , 
BZ7TI3MgRJ0, 17902597222004615, samshinex3, 2017-10-12 11:35:07, Any promoters for the oxford? Looking for bottle service quotes for my friends birthday!, , 
BZ7TI3MgRJ0, 17883204250189597, sandiegobeauties, 2017-11-03 10:31:43, Great post here. Loving it, , 
BZ7TI3MgRJ0, 17909547796184621, aaronscott7, 2018-03-29 11:59:43, What is here name ğŸ˜, , 
BZ2ikyEgmLz, 17844867241214503, sdopeclothing, 2017-10-18 21:22:02, Nic Pic! Check out mines :)ğŸ™Œ, , 
BZo92Figgux, 17901302536036741, djmikeattack, 2017-09-29 15:45:51, See you tonight!!, , 
BZo92Figgux, 17861773558194044, kerryperlman, 2017-09-29 16:49:19, Except the creeper in the background ğŸ¤£, , 
BZo92Figgux, 17900697775056092, hjharris1, 2017-09-29 20:09:44, Looking good babe, , 
BZo92Figgux, 17885778352085453, tannerbaasch, 2017-10-05 12:54:05, @babe.campaign stop you're the cutest, , babe.campaign 
BZo92Figgux, 17843154118213017, imoliviarae, 2017-10-05 13:08:57, @tannerbaasch ğŸ˜, , tannerbaasch 
BZo92Figgux, 17875220548169800, 619modeling, 2017-10-18 16:46:32, Niiice., , 
BZkTP-iAS-W, 17872595680171417, alikitten, 2017-09-27 19:06:14, The calm before the storm âœ¨ğŸ’ƒğŸ»ğŸ¾, , 
BZkTP-iAS-W, 17900619133045270, jasonodogg, 2017-09-27 20:00:49, @frankiestav, , frankiestav 
BZkTP-iAS-W, 17888421331109347, sultan_shawarma619, 2017-09-29 03:42:14, amazing one!, , 
BZkTP-iAS-W, 17890874149107492, jojo_samura1, 2017-10-16 22:39:50, @catherineraquel, , catherineraquel 
BZkTP-iAS-W, 17912869210011515, djsmoovej, 2017-12-14 21:45:14, Now this looks super dope, , 
BZZYuDmgJO1, 17843091118210167, champagneallyear, 2017-10-05 02:10:55, â¤ï¸the oxford and champagne ğŸ¥‚ ğŸ˜ŠğŸ˜Š, , 
BZHobhvAIwq, 17877033343139801, parqrestaurant, 2017-09-19 14:50:57, ğŸ‘, , 
BY9TThpAzq6, 17870559838171182, bp4design, 2017-09-12 17:37:10, #sweatingoneverything!, sweatingoneverything , 
BY9TThpAzq6, 17882745550080892, parqrestaurant, 2017-09-13 06:30:17, ğŸ‘, , 
BY9TThpAzq6, 17900078263000419, mynamesscarla, 2017-09-19 10:10:11, ğŸ’‹ğŸ’‹ğŸ’‹, , 
BY9TThpAzq6, 17874050215193667, backofsky, 2017-09-27 13:35:41, ğŸ˜ğŸ”¥, , 
BYyhVVegslE, 17898666250053384, macdaddymeg, 2017-09-08 11:18:55, @asosa22 ğŸ˜˜, , asosa22 
BYyhVVegslE, 17872075102158432, asosa22, 2017-09-08 11:58:43, @macdaddymeg ğŸ˜˜ğŸ˜˜, , macdaddymeg 
BYyhVVegslE, 17872829482149660, streets_roads_lanes, 2017-09-08 12:02:08, â¤ï¸â¤ï¸â¤ï¸, , 
BYyhVVegslE, 17888322958088369, dbalestra845, 2017-10-26 14:51:43, @Jaykay0604, , Jaykay0604 
BYok0g8gJwW, 17899675027009034, parqrestaurant, 2017-09-05 08:27:35, ğŸ‘, , 
BYok0g8gJwW, 17872288852190860, westburyfinestbarbershop, 2017-09-05 21:01:09, âœ‚, , 
BYkOHuRgjf2, 17881485022087173, spirityogastudios, 2017-09-03 08:37:43, ğŸ’™, , 
BYkOHuRgjf2, 17898502330008654, parqrestaurant, 2017-09-05 08:38:00, ğŸ‘, , 
BYkOHuRgjf2, 17844028864202386, champagneallyear, 2017-10-05 02:11:32, How did I miss this ğŸ˜±ğŸ˜±ğŸ˜±, , 
BYjvhDNg8lq, 17898221032015290, spirityogastudios, 2017-09-03 08:41:02, â¤, , 
BYgK6JnA_pC, 17874212722137872, ashleymarie.co, 2017-09-01 08:03:51, My favorite place, , 
BYgK6JnA_pC, 17869296388170442, heyitsputri, 2017-09-01 09:02:48, @luc_lucian we should visit here ğŸ˜, , luc_lucian 
BYgK6JnA_pC, 17884786702107996, gaslamp_bartending_school, 2017-09-01 19:27:53, Good looking barğŸ‘ŒğŸ», , 
BYgK6JnA_pC, 17873679262134838, j__leigh__g, 2017-09-05 22:35:44, @raeallie333 let's go here next Saturday ğŸ’ƒğŸ¼, , raeallie333 
BYOtxrmgIZi, 17872498372142548, catellacycling, 2017-08-25 22:16:14, Living the dream!, , 
BYOtxrmgIZi, 17883447469118385, parqrestaurant, 2017-08-28 02:46:11, ğŸ‘, , 
BYMAhGYAaaW, 17896439221045813, vmillz25, 2017-08-26 16:36:38, Just what I wanted to see... @realtamtam, , realtamtam 
BYJ0pKLA-q1, 17870203741158561, lemonanne, 2017-08-23 18:42:55, @theoxfordsd you totally need a disco night omg, , theoxfordsd 
BYJ0pKLA-q1, 17872822117138956, napzzmusic, 2017-08-23 20:54:23, Agreed^, , 
BYJ0pKLA-q1, 17872297738143548, djjoemama, 2017-08-23 21:29:31, YASSS! @theoxfordsd We should do a Disco night  with me &amp; Lookout WeekendğŸ’ª, , theoxfordsd with 
BYJ0pKLA-q1, 17884948495103062, parqrestaurant, 2017-08-31 05:14:28, ğŸ‘, , 
BX_GBT9ArQb, 17895066235028024, love4travel19, 2017-08-19 17:00:28, @mightymiles_ this is the oxford, , mightymiles_ 
BX_GBT9ArQb, 17894970148053653, freakypedia, 2017-08-20 07:33:55, Wow  cool click! Original idea! More pictures!, , cool 
BX_GBT9ArQb, 17895302224054454, 619times, 2017-08-21 11:15:25, Peace, , 
BX_GBT9ArQb, 17870417506151978, dailyadviceformen, 2017-08-22 08:54:48, ğŸ‘ğŸ‘ğŸ‘, , 
BX_GBT9ArQb, 17880823042092077, nubry, 2017-08-30 16:55:32, @amfr09 oxford club, , amfr09 
BX_GBT9ArQb, 17870074486167148, amyrenda1, 2017-09-01 01:12:00, Hhaaaa yes!!! Doing it!!!ğŸ˜˜, , 
BX_GBT9ArQb, 17897534770022955, mranthonyybarra, 2017-09-08 05:58:23, @dutchess_3stripe this is the other place I work. We will go here, , dutchess_3stripe 
BX_GBT9ArQb, 17885684731097123, hacienda_dutchie, 2017-09-08 06:01:47, @mranthonyybarra yes dude! ğŸ‘ŒğŸ½ğŸ˜, , mranthonyybarra 
BX_GBT9ArQb, 17887520755104513, realestatediva.ca, 2017-09-21 20:06:10, @boku80, , boku80 
BX_GBT9ArQb, 17848706782219129, reneeslife1, 2017-11-17 00:56:57, @yung5arge_, , yung5arge_ 
BX_GBT9ArQb, 17910488326073560, jennn_bacon, 2018-01-17 19:14:55, @alejandraescamilla1992 this is an older post  but this is the place I was telling you about!, , alejandraescamilla1992 but 
BX_GBT9ArQb, 17918057419008597, alejandraescamilla1992, 2018-01-17 19:30:34, @jennn_bacon omg it looks so pretty ğŸ˜, , jennn_bacon 
BX30IVAFAFo, 17869036948189843, shawnkstyles, 2017-08-16 16:12:17, Same, , 
BX30IVAFAFo, 17868306463165988, parqrestaurant, 2017-08-17 13:15:05, ğŸ‘, , 
BXyE5AmgZEv, 17878574077092464, sandiegozombiecrawl, 2017-08-14 12:20:11, ğŸ˜ğŸ˜ can't wait ğŸ”¥ğŸ”¥ğŸ”¥, , 
BXyE5AmgZEv, 17896262473031138, goldmanstagram, 2017-08-17 18:04:48, Talk about the VIPizza experience ğŸ˜‚ğŸ•, , 
BXn5LO9Anji, 17892274561025461, denisdasurfmenace, 2017-08-10 23:39:56, ğŸ™ŒğŸ™Œ, , 
BXWi2NvgknL, 17869261255141843, rubep_photography, 2017-08-03 18:12:10, ğŸ‘ğŸ‘ğŸŒ·ğŸŒ·ğŸŒ·, , 
BXWi2NvgknL, 17869338697133425, imoliviarae, 2017-08-03 18:31:46, @whiterussiaa ğŸ˜ğŸ˜, , whiterussiaa 
BXWi2NvgknL, 17892549928002849, jay_waste21, 2017-08-03 20:02:31, @gregdevingorecyclesit @ggirls18 San Diego trip coming soon, , gregdevingorecyclesit ggirls18 
BXWi2NvgknL, 17865429547170129, laura.giselle.foss, 2017-08-03 20:03:48, @babe.campaign ğŸ™ˆğŸ™ˆğŸ™ˆ, , babe.campaign 
BXWi2NvgknL, 17877067327091908, j.med1na_, 2017-08-04 10:12:01, @Edgar.jarito ğŸ™ŒğŸ½ğŸ¤, , Edgar.jarito 
BXWi2NvgknL, 17886197026068519, i_vdrizzy_i, 2017-08-05 18:01:39, Twins, , 
BXWi2NvgknL, 17882598766153188, crewvent, 2017-11-20 17:01:44, The Oxdord is percect for Crewvent, , 
BXWi2NvgknL, 17879987965173895, cmoney2013, 2017-11-23 13:21:06, Here we go @jay_waste21, , jay_waste21 
BXOA9kDAMFc, 17891874400055206, spirityogastudios, 2017-07-31 13:47:31, ğŸ’š, , 
BXOA9kDAMFc, 17892667525005123, louisparqpelliccia, 2017-08-01 18:17:09, âœ¨ ğŸ’¥, , 
BXGehZrAv2S, 17868763114133701, tsankar, 2017-07-28 13:13:39, Can't wait ğŸ˜, , 
BXGehZrAv2S, 17893078132046697, nattcity, 2017-07-28 16:27:09, ğŸ˜ğŸ˜ğŸ’ƒğŸ», , 
BXDqKHQg3Hl, 17865434623162380, tinacama, 2017-07-28 00:13:23, @rabsonrabs, , rabsonrabs 
BXDqKHQg3Hl, 17850228055198976, parqrestaurant, 2017-07-28 06:42:29, ğŸ‘, , 
BXDqKHQg3Hl, 17866029760164729, parqsd, 2017-07-28 08:16:23, ğŸ™Œ, , 
BXDqKHQg3Hl, 17868659518141067, kikomoki, 2017-07-28 11:50:59, @tastemakker, , tastemakker 
BW8aGq7AObS, 17866078345158885, ericaalexis, 2017-07-24 14:40:03, @cruzmissle16, , cruzmissle16 
BW8aGq7AObS, 17865554599180039, cuisineandtravel, 2017-07-24 19:04:58, Awesome! Like your shot ğŸ˜‹, , 
BW8aGq7AObS, 17877389179126020, d1g1tal_n1nja, 2017-07-25 19:42:00, Md represent! ğŸ‘ŠğŸ¼, , 
BW8aGq7AObS, 17865843418189585, claudia_piceno, 2017-07-27 22:29:55, @roscoebeats2, , roscoebeats2 
BWxzpo4gZTj, 17864344438184967, trash_poodle_and_chef_doodle, 2017-07-20 11:56:47, It does. Believe me its a heavy responsibility I carry @theoxfordsd, , theoxfordsd 
BWxzpo4gZTj, 17890242835009903, theglobopreneur, 2017-07-20 13:07:37, âš¡ï¸, , 
BWxzpo4gZTj, 17865578521150296, djdecon, 2017-07-20 19:09:58, ğŸ”¥ğŸ”¥ğŸ”¥, , 
BWxzpo4gZTj, 17875225672082104, lairnightclub, 2017-07-22 09:06:53, ğŸ’¥, , 
BWxzpo4gZTj, 17867665789134246, gabo.style, 2017-07-24 16:02:06, ğŸ˜‡ğŸ‘¹, , 
BWxzpo4gZTj, 17866758082148513, cheyennegiles, 2017-07-26 11:16:07, âš¡, , 
BWvQAUVgQ15, 17876641270127190, philippegommy, 2017-07-19 12:09:45, Waooooooo !!! ğŸ’¥âœ¨âœ¨âœ¨âœ¨ğŸ’«, , 
BWvQAUVgQ15, 17874843004088788, djmikeattack, 2017-07-19 13:36:03, ğŸ”¥, , 
BWvQAUVgQ15, 17882006188073195, gabo.style, 2017-07-24 16:01:48, Super!!! VIP or nothing., , 
BWlRij1AKQH, 17889347272014858, kelli_novelen, 2017-07-15 16:25:55, Well look who it is ğŸ‘€ @paige_flinn you're cool., , paige_flinn 
BWgNcv0AHr4, 17867266105131747, agypsygemini, 2017-07-20 20:52:21, @peterhancock, , peterhancock 
BWgNcv0AHr4, 17865353986152671, peterhancock, 2017-07-20 20:53:51, @agypsygemini oh yeah- nice! We'll have to check it out ğŸ‘ğŸ¼ğŸ™ğŸ¼, , agypsygemini 
BWgNcv0AHr4, 17878793812091580, bertquinn, 2017-08-15 15:49:58, @emilymarcinec, , emilymarcinec 
BWgNcv0AHr4, 17881054663092662, wlcm2myworld, 2017-08-31 08:49:37, @dorine_sandrine, , dorine_sandrine 
BWeh-uzAErD, 17888405014002264, gurrolagrace_, 2017-07-13 00:12:20, ğŸ¥‚ğŸ¥‚ğŸ¾, , 
BWeh-uzAErD, 17876989036103748, patrickjcarroll, 2017-07-13 07:54:35, I like champagne, , 
BWeh-uzAErD, 17864451553158561, koi_sakura, 2017-07-14 17:53:39, Unless you are a male.  This club doesn't allow men., , This 
BWeh-uzAErD, 17864075113190862, plethora_of_pics, 2017-07-17 13:40:11, nice!, , 
BWeh-uzAErD, 17865366022148558, mia_k_mia, 2017-07-18 17:10:09, Nice ğŸ˜Š, , 
BWTGIgZA-1q, 17886714217007453, ki_philosophy, 2017-07-08 13:40:31, ğŸ™, , 
BWTGIgZA-1q, 17847275161199443, snookys_fit, 2017-07-08 18:01:13, Fun times, , 
BWTGIgZA-1q, 17882006359066034, viesavantpresents, 2017-07-10 18:56:17, lol, , 
BWTGIgZA-1q, 17880601186082161, bronwynleanne, 2017-08-28 00:00:16, Love the girl with the short hair! Stunning!, , 
BWQiDOWgGaf, 17881337272068036, abearx, 2017-07-07 13:34:52, @sd_gypsea ğŸ¥‚ğŸŠ, , sd_gypsea 
BWQiDOWgGaf, 17862839248178015, sassystiletto, 2017-07-07 22:32:10, You need a SD burlesque infusion!, , 
BWQiDOWgGaf, 17891079091033381, pizza.skate99, 2017-07-15 16:01:23, what song is this?, , 
BWOGgGWgHJ_, 17876047162115629, cannababekatie, 2017-07-10 16:30:34, ğŸ˜ I have to come visit, , 
BWOGgGWgHJ_, 17879791021172933, crewvent, 2017-11-20 17:02:02, Very cool, , 
BWIiTjsADKL, 17887505383029328, asuh.doode, 2017-07-04 14:58:41, Dear @theoxfordsd   if you have "online submission" for events  yet there's no guarantee of getting in; then why do you have them without giving us proper notice of the limitations? You caused us emotional distress., , theoxfordsd if yet 
BWIiTjsADKL, 17887867003061156, only1marriii, 2017-07-04 17:51:16, ğŸ”¥ğŸ”¥ğŸ˜ğŸ˜, , 
BWIiTjsADKL, 17891528557045159, koi_sakura, 2017-07-04 18:27:58, I agree with @usuh.doode.  My friends could wasted their time in line.  We will never return to @theoxfordsd.  The management of this club is arrogant  rude.  Not cool to make men wait so long for entry on "guest list". There are lots of other fine clubs in San Diego ğŸ–•, , usuh.doode. My We theoxfordsd. The rude. Not 
BWIXX7Rg-xG, 17861989981189494, koi_sakura, 2017-07-04 18:28:30, We will never return to @theoxfordsd.  The management of this club is arrogant  rude.  Not cool to make men wait so long for entry on "guest list". There are lots of other fine clubs in San Diego ğŸ–•, , theoxfordsd. The rude. Not 
BWGmpnJg0Rn, 17861600332189765, koi_sakura, 2017-07-04 18:29:00, The management of this club is arrogant  rude.  Not cool to make men wait so long for entry on "guest list". There are lots of other fine clubs in San Diego ğŸ–•, , rude. Not 
BWGmpnJg0Rn, 17910156034019158, rachelalllison, 2017-10-22 22:48:11, @angelvanhofwegen this could be us, , angelvanhofwegen 
BWEEmW2glhY, 17864320453135503, nambounmyn, 2017-07-02 20:18:59, How do we get on the list... The site wont let me ğŸ˜­, , 
BWEEmW2glhY, 17880946405069012, anaisa_, 2017-07-02 20:47:52, Is the guest list still open for tomorrow?, , 
BWEEmW2glhY, 17887133344056629, marzm89, 2017-07-02 20:56:31, @theoxfordsd your site isn't giving me the option of signing on the guest list., , theoxfordsd 
BWEEmW2glhY, 17861128150184844, bpeacegod, 2017-07-02 21:27:53, Love it, , 
BWEEmW2glhY, 17862237037178035, theoxfordsd, 2017-07-02 22:53:55, @anaisa_ @marzm89 @nambounmyn Our list is closed  limited entries will be allowed at the door night-of so we suggest arriving early!, , anaisa_ marzm89 nambounmyn limited 
BWEEmW2glhY, 17861696731160480, issa_lissag, 2017-07-02 22:59:50, I miss this trey, , 
BWEEmW2glhY, 17886468358019004, deeeayy619, 2017-07-03 00:48:33, Skkkkkkrrrrrrrrt!!!!!!, , 
BWEEmW2glhY, 17873987911127240, sassystiletto, 2017-07-03 09:35:06, How did I miss this?!! ğŸ˜¢, , 
BVqGAS9g-Qx, 17876263786103867, loosearrow_, 2017-07-09 04:49:56, Ashley!!, , 
BVlAMGugOyb, 17862564142138989, thebohemianmama, 2017-06-21 12:00:00, We â¤ it!, , 
BVlAMGugOyb, 17879370874068257, theluxlash, 2017-06-23 10:12:24, Love! â¤, , 
BVfuBAWgBis, 17872024000123491, norcalafterdark, 2017-06-19 01:51:41, â¤, , 
BVfuBAWgBis, 17844873175194319, parqrestaurant, 2017-06-20 14:47:17, ğŸ‘, , 
BVc6kuWgkpI, 17862247771141410, homestylehawaiianmidway, 2017-06-17 16:17:15, You should come out and try our amazing hawaiian food :), , 
BVYMyq3Aih7, 17885313382010670, christian_oxfordsd, 2017-06-23 20:32:17, @tara_c77, , tara_c77 
BVYLPm4g2mX, 17872403116100707, paige_flinn, 2017-06-15 16:22:06, @_k_mill, , _k_mill 
BVYLPm4g2mX, 17884167889017807, _k_mill, 2017-06-15 16:41:01, @paige_flinn ğŸ”¥ğŸ”¥, , paige_flinn 
BVYLPm4g2mX, 17872843975104740, 2prettypatty, 2017-06-16 12:56:03, We were supposed to go that night @lina_saenz ğŸ˜­, , lina_saenz 
BVYLPm4g2mX, 17885006419024793, lina_saenz, 2017-06-17 12:08:02, @2prettypatty I know! Sucks we missed ğŸ˜«, , 2prettypatty 
BVYLPm4g2mX, 17892877357062223, jabbin_juniper, 2017-08-09 18:23:35, @esbrittanybitch @trujilloness come to SD tomorrow night!!!! Let's go here!!!, , esbrittanybitch trujilloness 
BVYLPm4g2mX, 17867865985181783, trujillotoolit, 2017-08-09 20:55:00, Looks lit af fam @sanchizzle11 but I work Friday morning early :(, , sanchizzle11 
BVYLPm4g2mX, 17852194408210561, getclassychris, 2017-12-03 23:21:47, @breelyn.noppenberger, , breelyn.noppenberger 
BVV0W5zgI3C, 17858241622192749, hottlatinaz, 2017-06-14 18:14:09, ğŸ”¥, , 
BVSvES5Arfg, 17870991451123509, sedatacil, 2017-06-13 20:14:22, ğŸ‘ğŸ», , 
BVSvES5Arfg, 17884294495031258, elevationchiro, 2017-06-14 02:22:18, Awesome!, , 
BVRL9HFglVN, 17859051592179965, amgesus, 2017-06-13 00:20:05, Feeling like I missed out, , 
BVRL9HFglVN, 17884230514030635, will_delosreyes, 2017-06-13 06:04:52, Looks fun  next time!, , next 
BVRL9HFglVN, 17884327420005220, a.correa_7, 2017-06-13 11:51:34, theoxfordsd - Oxford  Receba 30 likes de graÃ§a em www.igseguidores .com (13/06 15:51) #A7e56aWHaT, A7e56aWHaT , Receba 
BVP1qqHAEOj, 17861793133134852, flatbellypilates, 2017-06-13 18:55:34, Cheers! ğŸ¾ğŸ¾ğŸ¾, , 
BVNaXs_AKxq, 17885435146000430, aly__lew, 2017-06-11 12:59:39, ğŸ‘ğŸ½ğŸ‘ğŸ½ğŸ‘ğŸ½ğŸ‘ğŸ½ğŸ‘ğŸ½â¤ï¸, , 
BVNaXs_AKxq, 17874797308073907, ripdel, 2017-06-11 16:04:31, How pretty are these two!, , 
BVNaXs_AKxq, 17884886317043284, carmelbarbie08, 2017-06-14 19:58:31, These girls are hot just sayingğŸ’ğŸ½, , 
BVNaXs_AKxq, 17884405690054720, hottlatinaz, 2017-06-14 22:05:23, ğŸ”¥, , 
BVLIWJXgTbr, 17883431896038592, paige_flinn, 2017-06-10 14:33:40, ğŸ¤—ğŸ¾ğŸ¾ğŸ¾ğŸ¾ğŸ¾, , 
BVLIWJXgTbr, 17871728380098180, visionary, 2017-06-10 17:28:02, ğŸ”¥ğŸ”¥ğŸ”¥, , 
BVLIWJXgTbr, 17883670453033143, xo_em_xo, 2017-06-10 18:21:45, @theoxfordsd list?, , theoxfordsd 
BVF2g-Rgjy8, 17881705387002505, theglobopreneur, 2017-06-08 18:15:01, ğŸ’¯ğŸ’¯ğŸ’¯, , 
BVF2g-Rgjy8, 17861314195136479, azucaapromotions, 2017-06-09 02:22:07, ğŸ˜ğŸ˜ğŸ˜ğŸ˜, , 
BVF2g-Rgjy8, 17872005676106864, krissysd, 2017-06-10 10:26:07, Last night was such bullshit! Your line was so unorganized and the people outside were uninformative and rude AF! Never going back!, , 
BU-XsVegqhn, 17883121993053784, imoliviarae, 2017-06-05 15:33:51, Omg my @valerie_victoria ğŸ˜ğŸ˜ cutie, , valerie_victoria 
BU-XsVegqhn, 17857320706193032, therealhanshodvil, 2017-06-05 18:16:02, @jazmindaigle @lamar_prince RIGHT AFTER SPLASH HOUSE YALL, , jazmindaigle lamar_prince 
BU-XsVegqhn, 17888457346018057, jazmindaigle, 2017-06-05 18:38:01, @therealhanshodvil you're trying to kill us, , therealhanshodvil 
BU98sQcAnNg, 17858193949177919, jesusjmendez, 2017-06-05 13:11:39, Crack open a few nose beers with the girls., , 
BU2YBqcApHs, 17842929730195755, pennypoundicesd, 2017-06-03 11:40:47, Cheers!!, , 
BU2YBqcApHs, 17904219601065861, crewvent, 2017-11-20 17:02:23, Perfect Crew, , 
BUf3kGAAcu6, 17872726930076898, arielelijerez, 2017-05-26 12:34:11, Love your page!! Check out mine, , 
BUf3kGAAcu6, 17856677191173283, concreteprojects, 2017-05-27 12:58:32, @candleiloveyou ğŸ“ˆ, , candleiloveyou 
BUbAUG1gB7j, 17871822667118312, thearmyofhotness, 2017-05-22 23:36:03, Nice!, , 
BUbAUG1gB7j, 17872561675075735, beccahglisson, 2017-05-23 01:42:28, Cute!, , 
BUbAUG1gB7j, 17880847504023603, itsmurrlo, 2017-05-23 03:25:32, ğŸ˜ğŸ¤˜ğŸ¼, , 
BUbAUG1gB7j, 17868898279126090, shanna_star_brazil, 2017-05-23 07:06:47, ğŸ’™ğŸ’•ğŸ’™ğŸ’•, , 
BUbAUG1gB7j, 17857969054151424, bb_vegas, 2017-05-23 07:20:48, ğŸ‰, , 
BUbAUG1gB7j, 17881227988028226, erika_irie, 2017-05-23 07:49:52, It's that outfit you gave me ğŸ˜‚ğŸ˜‚ @barbyyq, , barbyyq 
BUbAUG1gB7j, 17868890788120935, thepartypromoapp, 2017-05-24 00:39:33, DOPE!!, , 
BUbAUG1gB7j, 17881101358042020, yoga_inspire, 2017-05-30 05:13:13, AwesomeâœŒ, , 
BUbAUG1gB7j, 17860448047141624, bedri7283u, 2017-05-30 22:37:45, 6 gerls wery sxsy, , 
BUbAUG1gB7j, 17869424293126537, 2018.michael.socal, 2017-05-31 02:53:52, Second from the left &gt;&gt; Winner! &lt;&lt; ğŸ†ğŸ‰, , 
BUbAUG1gB7j, 17884621915136297, crewvent, 2017-11-20 17:02:35, Dime Crew, , 
BUXMgGJg-Hl, 17859257476141218, joshlanglv, 2017-05-21 11:08:59, #bowwowchallenge, bowwowchallenge , 
BUXMgGJg-Hl, 17869587109107820, losangeles__nightlife, 2017-05-21 17:50:01, ğŸ˜®, , 
BUXMgGJg-Hl, 17856590065180148, russelljack, 2017-05-21 20:03:20, @natamals lol, , natamals 
BUXMgGJg-Hl, 17886309223029931, clearhealthchiropractic, 2017-05-22 00:03:36, Awesome!, , 
BUXMgGJg-Hl, 17890711954006480, rafeats, 2017-07-25 10:05:21, ğŸ˜€ğŸ˜ğŸ¤—, , 
BUJF7InAmEa, 17858883349136544, nicholasdavis619, 2017-05-15 23:02:11, Hell yeah that's a ğŸ”¥ğŸ”¥ lineup!! Come thru come thru, , 
BUJF7InAmEa, 17855891866170972, snerggly, 2017-05-16 00:11:00, get this off of my newsfeed., , 
BUJF7InAmEa, 17881455379028811, djdecon, 2017-05-16 08:57:02, ğŸ”¥ğŸ”¥ğŸ”¥, , 
BUGgrDrA7SW, 17879971516034312, drinkglowtribe, 2017-05-15 02:31:59, â˜€, , 
BUGgrDrA7SW, 17858860816130681, losangeles__nightlife, 2017-05-15 09:50:39, ğŸ˜ƒğŸ˜ƒ, , 
BUGgrDrA7SW, 17880181735122411, jabbin_juniper, 2017-08-08 17:10:50, @hsmaxson, , hsmaxson 
BT-cUGFAeS8, 17874201250070818, enci_graciousness, 2017-05-11 20:32:24, âœŒğŸ¼, , 
BT-cUGFAeS8, 17856138949163927, sandiegobeauties, 2017-05-12 16:44:16, ğŸ“·Thumbs up on this ğŸ“·, , 
BT-cUGFAeS8, 17874828814064299, cheyennegiles, 2017-05-13 01:40:57, âš¡, , 
BT-cUGFAeS8, 17880437599041805, virtuoso4life, 2017-05-13 11:17:41, #clutch ğŸ‘Š #photo ğŸ“¸, clutch photo , 
BT-cUGFAeS8, 17881134313021092, allthingslagunabeach, 2017-05-14 12:33:43, Great capture ğŸ‘, , 
BT-cUGFAeS8, 17868991177111484, losangeles__nightlife, 2017-05-15 10:04:11, ğŸ‘ğŸ‘, , 
BT-cUGFAeS8, 17873601019079882, valeria_sallucallerena, 2017-06-01 14:26:16, ğŸ”ğŸ”ğŸ”, , 
BT6y2DNgn38, 17855494363180219, leahbell7, 2017-05-10 09:48:23, That outfit!! ğŸ˜, , 
BT6y2DNgn38, 17874086542069351, ripdel, 2017-05-10 13:27:58, Exactly, , 
BT6y2DNgn38, 17880023305038911, virtuoso4life, 2017-05-13 11:18:07, #nice ğŸ‘Œ, nice , 
BT2FpaiAja5, 17879732764053856, foley1704, 2017-05-08 13:48:50, ğŸ“· ğŸ˜ ğŸ‘Œ, , 
BT2FpaiAja5, 17880147235062790, losangeles__nightlife, 2017-05-09 15:48:07, ğŸ‘Œ, , 
BTjn7hfA9Y1, 17879009050026030, timenightclub, 2017-05-01 20:41:36, Adorable one, , 
BTh_VRvAHVa, 17854766191173304, theglobopreneur, 2017-04-30 20:43:46, ğŸ’¯ğŸ’¯ğŸ’¯, , 
BTh_VRvAHVa, 17879686321056425, therealhanshodvil, 2017-04-30 21:21:19, @lexaybetch, , lexaybetch 
BTh_VRvAHVa, 17870417017078386, lexaybetch, 2017-04-30 21:22:47, @therealhanshodvil looks like I have no other choice ğŸ˜‚, , therealhanshodvil 
BTh_VRvAHVa, 17878444654063409, jasonodogg, 2017-04-30 21:40:54, @frankiestav, , frankiestav 
BTh_VRvAHVa, 17854765726193067, jghutchi, 2017-05-02 13:39:32, @kelleymstevens this one is a straight up club, , kelleymstevens 
BTh_VRvAHVa, 17878780660039951, stephloos, 2017-05-03 18:51:42, @jayspoons, , jayspoons 
BTh_VRvAHVa, 17868918853099647, nubry, 2017-05-14 08:09:10, ğŸ™Œ, , 
BTh_VRvAHVa, 17881042108063187, b4umedicate, 2017-05-17 23:33:02, Mus goğŸ’¯ğŸ’¯, , 
BTg2_bAAVc8, 17878393414025930, madisonrosehere, 2017-04-30 10:24:20, Keep up the good work  great feed. Check mines., , great 
BTcKJeoAN5P, 17867941972106066, boonleague, 2017-04-29 14:29:02, I really like your posts., , 
BTcKJeoAN5P, 17880985726029269, b4umedicate, 2017-05-17 23:33:13, LitğŸ”¥, , 
BTcKJeoAN5P, 17895121291030303, streetsmarttruth, 2017-07-01 19:46:27, ... ğŸ™‰ğŸ™ˆğŸ™Šâœ¨, , 
BTXrBirg4Su, 17857183099132597, theglobopreneur, 2017-04-26 18:21:37, ğŸ’¯ğŸ’¯ğŸ’¯, , 
BTXrBirg4Su, 17878246240018778, nerdherderla, 2017-04-26 18:41:31, ğŸ”¥ğŸ”¥ğŸ”¥, , 
BTXrBirg4Su, 17854472884173289, alikitten, 2017-04-26 21:17:47, All of the trouble please, , 
BTXrBirg4Su, 17878855582045401, losangeles__nightlife, 2017-04-27 09:31:04, ğŸ‘ğŸ‘, , 
BTXrBirg4Su, 17879128084009505, motivation__earth, 2017-04-27 11:19:40, Awesome shot!! watch me!, , 
BTXrBirg4Su, 17855242384185051, vfresh213, 2017-05-09 20:16:14, Insane shot. @theoxfordsd, , theoxfordsd 
BTR-g5ggmWq, 17872970710066970, fides_rex, 2017-04-24 13:18:17, @alyssamopia, , alyssamopia 
BTR-g5ggmWq, 17878463812000356, jasonodogg, 2017-04-24 13:23:24, @frankiestav, , frankiestav 
BTR-g5ggmWq, 17879358391056996, lamar_prince, 2017-04-24 13:30:03, @therealhanshodvil ğŸ˜”. The game won't let me out., , therealhanshodvil 
BTR-g5ggmWq, 17872376704070225, jbladow, 2017-04-24 13:41:31, Can't wait, , 
BTR-g5ggmWq, 17878503961032594, jay__xo, 2017-04-24 13:47:04, Let's get it!, , 
BTR-g5ggmWq, 17878470115043830, pritzmcpritzface, 2017-04-24 13:59:10, No pants party!ğŸ¾, , 
BTR-g5ggmWq, 17878518520059385, therealhanshodvil, 2017-04-24 14:16:10, You coming down finally or what @nikobratsis, , nikobratsis 
BTR-g5ggmWq, 17878697932010603, kaitlinkaitlinnn, 2017-04-24 14:38:28, @smashiscrowpatrick  that's some good role play, , smashiscrowpatrick that's 
BTR-g5ggmWq, 17857180936143627, pritzmcpritzface, 2017-04-24 14:50:30, @kxrot 3rd takeğŸ˜‚, , kxrot 
BTR-g5ggmWq, 17854314766169658, yes_thatshaleydaws, 2017-04-24 20:04:51, @handsumswag what is this ?, , handsumswag 
BTR-g5ggmWq, 17867358451129654, erikalani, 2017-04-25 13:48:08, @kellilanexo @angiesimon @katiediette @jewlzycakes (can't find Kendi) hey get ready may 6th #bachnation #momnightout, bachnation momnightout , kellilanexo angiesimon katiediette jewlzycakes 
BTR-g5ggmWq, 17866573510121683, algmusic, 2017-04-26 04:11:40, Dope, , 
BTR-g5ggmWq, 17879623417015863, f_u_k_life, 2017-04-28 06:27:32, Dang only white people allowed in the video âœŠğŸ¿, , 
BTR-g5ggmWq, 17887521565104228, nataliersd, 2017-09-21 17:18:39, @ericbigger, , ericbigger 
BTR-g5ggmWq, 17898628189050071, ericbigger, 2017-09-21 17:20:16, @_collinsmichael, , _collinsmichael 
BTR-g5ggmWq, 17897250268134012, serk_u, 2018-02-03 01:49:44, @theoxfordsd what a night this was! we were there on our first night in SD from London. Great venue!, , theoxfordsd 
BTKNrmzgYrP, 17866959985111072, michael_t_sharp, 2017-04-21 14:17:14, @jamesdulany rage., , jamesdulany 
BTKNrmzgYrP, 17854945861152170, spirityogastudios, 2017-04-22 05:17:37, â¤, , 
BTKNrmzgYrP, 17867099191118021, sandiegobestrealtor, 2017-04-24 09:55:11, Great ğŸ“·, , 
BTHNe1WgxgJ, 17855334973149616, zala_krunalraj_sinh, 2017-04-20 09:09:55, Sexy legs babe, , 
BTHNe1WgxgJ, 17856685168139616, murphikennedy, 2017-04-20 10:52:01, Here we goooo, , 
BTHNe1WgxgJ, 17878655884040865, motioncovers, 2017-04-20 16:32:53, Great posting and your other photos too  hope you can stop by my IG, , hope 
BS1XphBgYC1, 17877068833041490, foodcellfie, 2017-04-13 11:49:16, Pretty!!!, , 
BS1XphBgYC1, 17853359551179523, ofier, 2017-04-13 14:36:27, Thanks for the follow!, , 
BS1XphBgYC1, 17889886594023869, djdecon, 2017-04-13 14:54:33, ğŸ‘ŒğŸ¼let's party, , 
BS1XphBgYC1, 17868305509112345, therealhanshodvil, 2017-04-13 16:40:16, @lamar_prince @allyreilly @shannonhearne, , lamar_prince allyreilly shannonhearne 
BS1XphBgYC1, 17865361819126243, abaxp, 2017-04-13 17:28:01, ğŸ‘Œ, , 
BS1XphBgYC1, 17864272156080447, sunsplashswimwear, 2017-04-13 23:59:08, ğŸ˜ğŸ˜, , 
BS1XphBgYC1, 17864321275086863, travpiper, 2017-04-15 18:10:55, ğŸ™Œ, , 
BS1XphBgYC1, 17878394674005438, tiff_how, 2017-04-15 19:46:03, @sofiatinaa, , sofiatinaa 
BS1XphBgYC1, 17866866802126501, carlyymay, 2017-04-27 12:37:04, @mamacita_kt @meganmatos we need to go here, , mamacita_kt meganmatos 
BSUuD4KAGvj, 17852522827160929, richcz3, 2017-03-31 19:56:49, Great shot ğŸ“·ğŸ‘ğŸ‘ğŸ‘ğŸ‘, , 
BSUuD4KAGvj, 17876932771052254, jessicakes33, 2017-04-02 00:32:58, Hehe, , 
BSUR1Leg1sQ, 17855162650134262, at__thisguy, 2017-03-31 14:06:00, Dope, , 
BSUR1Leg1sQ, 17852421400179175, itsjasonkruml, 2017-03-31 14:08:29, @diegobabyyy, , diegobabyyy 
BSUR1Leg1sQ, 17865368668098240, angelaadaniellee, 2017-03-31 14:25:02, @theodeocampo, , theodeocampo 
BSUR1Leg1sQ, 17852320768188305, theodeocampo, 2017-03-31 14:29:02, Drop that kitty down low? @angelaadaniellee, , angelaadaniellee 
BSUR1Leg1sQ, 17875977793024818, kellykristeen, 2017-03-31 14:44:03, Omgaaaah! Time to get my dance on ğŸ˜ğŸ‘¯, , 
BSUR1Leg1sQ, 17853261091159759, iamjroc, 2017-03-31 14:46:56, ğŸ¤˜ğŸ½, , 
BSUR1Leg1sQ, 17865424393106844, idofunshit, 2017-03-31 14:50:11, Niceâ¤, , 
BSUR1Leg1sQ, 17877498574040755, 00.kev, 2017-03-31 14:55:02, @myboyanton my g  we must. Someone call @cinemazay, , myboyanton we cinemazay 
BSUR1Leg1sQ, 17854920385138026, mgdeuce5, 2017-03-31 15:22:46, Yo?! Tickets? What's the scoop? @theoxfordsd, , theoxfordsd 
BSUR1Leg1sQ, 17875592875063056, carlenebrigitte, 2017-04-01 00:50:44, @matt_leo your lady is comin to SD, , matt_leo 
BSUR1Leg1sQ, 17852449243180845, joker.la, 2017-04-01 07:01:26, Ha ha HA!! FLAME!!! FROM SUN, , 
BSUR1Leg1sQ, 17878026907020006, missb_ryan, 2017-04-02 06:29:16, So dope, , 
BSUR1Leg1sQ, 17876806543008204, peterdactyl, 2017-04-02 22:29:58, @paulisrad, , paulisrad 
BSUR1Leg1sQ, 17876245549018934, olitsey, 2017-04-03 11:49:16, @scarlett.carolinaa, , scarlett.carolinaa 
BSUR1Leg1sQ, 17876464243030668, roxsaldana, 2017-04-03 22:22:01, @theodeocampo @angelaadaniellee We just signed up for this list lol, , theodeocampo angelaadaniellee 
BSUR1Leg1sQ, 17878621900013110, _diosa85_, 2017-04-05 15:47:44, @jewlsz_ ğŸ˜, , jewlsz_ 
BSUR1Leg1sQ, 17877041074048649, babe.campaign, 2017-04-05 20:39:20, ğŸ˜ğŸ˜ğŸ™ŒğŸ½ğŸ™ŒğŸ½, , 
BSUR1Leg1sQ, 17876713717027267, djeddiecutlass, 2017-04-06 07:17:02, ğŸ™ŒğŸ½ğŸ™ŒğŸ½ğŸ™ŒğŸ½ @jamiejames3, , jamiejames3 
BSUR1Leg1sQ, 17866128355119184, davids_diamonds, 2017-04-12 12:54:47, @theoxfordsd would like to come and see the club, , theoxfordsd 
BSUR1Leg1sQ, 17879293879034810, ryanjamesdoes, 2017-05-04 21:30:53, Hey can I become a member ?, , 
BSJuZS4AL64, 17864958562128995, angel_angel_angle, 2017-03-29 02:31:45, â¤ï¸ï¸, , 
BSJuZS4AL64, 17855430946166695, nightclub_supplies_vip, 2017-05-05 07:10:09, Love this, , 
BSCqoH7gxet, 17864442832115436, laura.giselle.foss, 2017-03-24 18:07:47, Cute pic ğŸ¥‚, , 
BSCqoH7gxet, 17864494606107346, jessden_, 2017-03-24 18:25:29, My gurrrrrl @allicampbell2, , allicampbell2 
BSCqoH7gxet, 17862480124093850, allicampbell2, 2017-03-24 18:39:50, ğŸ˜˜ğŸ–¤, , 
BSCqoH7gxet, 17867527990076516, brentonwalton, 2017-03-24 18:52:16, ğŸ”¥ğŸ”¥, , 
BSCqoH7gxet, 17854441513135890, michael__moyer, 2017-03-24 19:21:48, @allicampbell2 I see you, , allicampbell2 
BSCqoH7gxet, 17890188328032484, anee_1025, 2017-03-24 19:26:20, I need a night like this! ğŸ¾ğŸ¥‚, , 
BSCqoH7gxet, 17876267791058964, sneak_a_peak_at_keeks, 2017-03-24 19:38:30, @kmariewesley down for tonight or whaaat?, , kmariewesley 
BSCqoH7gxet, 17875981393031026, allicampbell2, 2017-03-24 19:39:32, @michael__moyer haha ğŸ‘‹ğŸ¼, , michael__moyer 
BSCqoH7gxet, 17869333480071709, jessicaleslieharper, 2017-03-25 00:19:40, @allicampbell2 oh hayyyyyyy, , allicampbell2 
BSCqoH7gxet, 17864639377112946, mitchell.rochelle, 2017-03-25 06:59:19, Love it!, , 
BSCqoH7gxet, 17852388178160832, itsnessyness, 2017-03-27 17:57:45, Hey girl hey! ğŸ™‹ğŸ½@allicampbell2, , 
BSCqoH7gxet, 17863640092085649, marcellamaroki, 2017-04-06 15:03:21, Omg hiiii lol! @allicampbell2, , allicampbell2 
BSCqoH7gxet, 17855451292156437, allicampbell2, 2017-04-28 20:22:59, Tonighttt ğŸ˜, , 
BR9w_pNAhr2, 17874854503032945, alikitten, 2017-03-22 21:00:39, No weekend like an oxford weekend ğŸ’ƒğŸ», , 
BR9w_pNAhr2, 17863470637121635, alisaelizabeth, 2017-03-22 22:19:48, ğŸ™ŒğŸ¼, , 
BR9w_pNAhr2, 17876255827023724, clubbing_love, 2017-03-25 20:36:29, Awesome :), , 
BR40NG4gcUt, 17852224936156481, rydethewave, 2017-03-20 22:07:13, ğŸ‘, , 
BR40NG4gcUt, 17853914209138034, one2groove, 2017-03-20 22:30:36, word!, , 
BR40NG4gcUt, 17875635409039230, misssophiamarie, 2017-03-20 22:57:52, ğŸ”¥ğŸ”¥ğŸ”¥ğŸ”¥, , 
BR40NG4gcUt, 17864462407114809, kaylynsenna, 2017-03-21 12:33:56, My crew ğŸ‘ŒğŸ¼ğŸ™ŒğŸ¼ğŸ’‹, , 
BR40NG4gcUt, 17851614664168485, uk2vip, 2017-03-21 22:35:19, Nice, , 
BR40NG4gcUt, 17863496629121397, __lord_stewie__, 2017-03-22 14:56:25, ğŸ‘€ğŸ‘€, , 
BR40NG4gcUt, 17851948492178535, goknowwear, 2017-03-24 02:33:01, Cool Profile!ğŸ˜„ğŸ˜†, , 
BR40NG4gcUt, 17851790911168473, josephdevelops, 2017-03-24 13:25:58, Wow!, , 
BR40NG4gcUt, 17876319526000829, lovelyvaleriee, 2017-03-26 21:09:17, Elysia is a babeğŸ˜»ğŸ˜»ğŸ˜», , 
BR40NG4gcUt, 17868236026104632, elissajordannn, 2017-05-04 17:02:43, Hiring??, , 
BR4IrxUgi_B, 17851630948164840, therealhanshodvil, 2017-03-20 15:51:00, @carlyhaneke @rosiposi5 @rosiposi5 LETS RUN IT BACK, , carlyhaneke rosiposi5 rosiposi5 
BR4IrxUgi_B, 17864351560128486, carlyhaneke, 2017-03-20 16:30:28, @therealhanshodvil lol open to it considering I went to bed at 5pm last night ğŸ™ˆ, , therealhanshodvil 
BR4IrxUgi_B, 17865392374101596, bunnymasterxo, 2017-04-03 05:06:26, Loove, , 
BRtyHqPAJz4, 17856435853178743, missjennschacht, 2017-05-18 10:15:23, My favorite ad of all time, , 
BRltMBegzU8, 17873472337058914, jbladow, 2017-03-13 12:12:06, Can't wait, , 
BRltMBegzU8, 17868111475068711, weatherman.la, 2017-03-13 13:06:46, Love the branding ğŸ‘ŠğŸ¼, , 
BRltMBegzU8, 17875758037040240, seany401, 2017-03-13 15:25:10, @ryanlabbe You know what... I think I will!  lol @mevans401 @eddy6453, , ryanlabbe lol mevans401 eddy6453 
BRltMBegzU8, 17874156229037690, ryanlabbe, 2017-03-13 15:36:53, ğŸ‘€ğŸ‘€ @seany401, , seany401 
BRltMBegzU8, 17851136869171181, jerfy1, 2017-03-13 19:19:39, nice boom-box!  I recognized every dial and knob on her.  I grew up jam'n to that Sony.  Good times! Sigh...anyways   enjoy ur party-peaceâœŒğŸ‘., , I I Good enjoy 
BRltMBegzU8, 17863755049103295, safehavenn_, 2017-03-14 00:22:58, Ayyy  I'll be back in town just in time ğŸ¤—, , I'll 
BRltMBegzU8, 17853058723162518, ultimateachiever, 2017-04-05 23:50:27, Thanks for stopping by my gallery. I'll have to check out your spot!âœŒğŸ¾, , 
BRltMBegzU8, 17903424298013100, awardboominthepromoter, 2017-10-21 01:20:37, ğŸ”¥ğŸ”¥ğŸ”¥, , 
BRY9IkngtJQ, 17874395164038049, andreawashere_, 2017-03-08 12:11:49, @lesley_714, , lesley_714 
BRY9IkngtJQ, 17874550432043251, therealhanshodvil, 2017-03-08 17:15:38, ğŸ¾ğŸ¾ @rosiposi5 @carlyhaneke @schmidteedee, , rosiposi5 carlyhaneke schmidteedee 
BRY9IkngtJQ, 17863319092102709, carlyhaneke, 2017-03-08 17:49:55, @therealhanshodvil down., , therealhanshodvil 
BRY9IkngtJQ, 17850862039162936, tessaannkirby, 2017-03-09 00:03:13, Your feed is stunning!, , 
BRY9IkngtJQ, 17862644146125605, nate_nav, 2017-03-09 02:54:52, ğŸ‘€, , 
BRY9IkngtJQ, 17876438242020537, louisparqpelliccia, 2017-03-12 04:44:54, âœ¨ ğŸ’¥, , 
BRY9IkngtJQ, 17850892327189023, 2waymusic, 2017-03-13 04:15:08, Niceeeee, , 
BRUKY1ygh0l, 17874146692026809, pixiestixxdancers, 2017-03-06 15:26:37, We love Glitter kisses!, , 
BRUKY1ygh0l, 17875512652000915, jnoldmusic, 2017-03-07 15:06:03, Love love love your venue! Please check your DM when you can, , 
BQ06cxBAzHl, 17873643517051098, bondjustinbond_, 2017-02-22 19:03:46, Okay wow! ğŸ˜, , 
BQ06cxBAzHl, 17851795996143266, elrey.at.night, 2017-02-23 06:03:46, ğŸ‘Œ, , 
BQ06cxBAzHl, 17860537708086611, _kwamefrank, 2017-02-23 07:57:55, @famousamos16461 swanky, , famousamos16461 
BQ06cxBAzHl, 17872166095027452, taneshataylor, 2017-02-23 15:03:35, Champagne Campaign ğŸ¾ğŸ’•, , 
BQ06cxBAzHl, 17862297043101877, c.u.07, 2017-02-23 22:32:02, Finally found New York City vibes in San Diego ğŸ˜, , 
BQ06cxBAzHl, 17849966191187979, vegasnightsvip, 2017-02-25 01:47:03, ğŸ’¯, , 
BQ06cxBAzHl, 17874929818008949, _0scar___, 2017-03-08 20:27:39, @kiimboslice21, , kiimboslice21 
BQ06cxBAzHl, 17850897514190743, supportsdlocal, 2017-03-09 20:55:21, ğŸ’• Time to party. @theoxfordsd, , theoxfordsd 
BQ06cxBAzHl, 17863695661121442, devbeck, 2017-03-22 10:47:38, @kimberlyerinb ğŸ’ƒğŸ»ğŸ’ƒğŸ»ğŸ’ƒğŸ»ğŸ’ƒğŸ», , kimberlyerinb 
BQpejNMAnRL, 17851688629134086, jenn_dizzle, 2017-02-18 10:38:09, Whats @sirpearce doing, , sirpearce 
BQpejNMAnRL, 17860059490083634, sisterssellsandiego, 2017-02-18 15:06:34, @taylorlasof we should go tonight!, , taylorlasof 
BQpejNMAnRL, 17872496386041532, taylorlasof, 2017-02-18 15:09:01, Yes!! ğŸ˜ŠğŸ˜Š @sisterssellsandiego, , sisterssellsandiego 
BQpejNMAnRL, 17867905348071524, spkcooks, 2017-02-18 19:50:39, ğŸ˜Š, , 
BQpejNMAnRL, 17872968388027413, sirpearce, 2017-02-19 01:21:00, @jenn_Dizzle just having a conversation with my auto mechanic., , jenn_Dizzle 
BQpejNMAnRL, 17849624803175672, _nvlvd_, 2017-02-20 11:05:19, ğŸ™, , 
BQoypLkg2lg, 17861023696124516, theoxfordsd, 2017-02-17 19:11:16, . . . . . #pendrysandiego #eatsandiego #youstayhungrysd #sdfooddiaries #sdfoodie #sandiegoeats #dsdeat #foodie #foodporn #foodgasm #foodcoma #igfoodie #instafood #sandiego #locallovesd #food #nom #foodpic #foodpics #foodies #foodphotography #yummy #sandiegofood #sdeats #gaslampsd #yelpsandiego, pendrysandiego eatsandiego youstayhungrysd sdfooddiaries sdfoodie sandiegoeats dsdeat foodie foodporn foodgasm foodcoma igfoodie instafood sandiego locallovesd food nom foodpic foodpics foodies foodphotography yummy sandiegofood sdeats gaslampsd yelpsandiego , 
BQoypLkg2lg, 17851311541141657, calilifesd, 2017-02-17 19:11:57, ğŸ”¥ğŸ”¥ğŸ”¥, , 
BQoypLkg2lg, 17872703755057879, foodappeal.ca, 2017-02-17 19:26:46, love it â¤, , 
BQoypLkg2lg, 17866160458070005, ryan__caron, 2017-02-17 19:44:03, wow, , 
BQoypLkg2lg, 17861641729102542, renycide, 2017-02-17 19:45:33, love this!! :), , 
BQoypLkg2lg, 17867896567068650, sandiegocityguide, 2017-03-07 10:55:52, ğŸ‘ŒğŸ½, , 
BQoypLkg2lg, 17855868943176385, jinbucha, 2017-05-12 17:03:56, Awesome! (:, , 
BQmBGipgqZc, 17851293127133458, theoxfordsd, 2017-02-16 17:19:53, . . . #pendrysandiego #eatsandiego #youstayhungrysd #sdfooddiaries #sdfoodie #sandiegoeats #dsdeat #foodie #foodporn #foodgasm #foodcoma #igfoodie #instafood #sandiego #locallovesd #food #nom #foodpic #foodpics #foodies #foodphotography #yummy #sandiegofood #sdeats #gaslampsd #yelpsandiego, pendrysandiego eatsandiego youstayhungrysd sdfooddiaries sdfoodie sandiegoeats dsdeat foodie foodporn foodgasm foodcoma igfoodie instafood sandiego locallovesd food nom foodpic foodpics foodies foodphotography yummy sandiegofood sdeats gaslampsd yelpsandiego , 
BQmBGipgqZc, 17872230280040969, cuisineandtravel, 2017-02-16 17:22:54, Awesome! Great capture!!, , 
BQmBGipgqZc, 17851446217130525, djdynamiq, 2017-02-16 17:24:43, ğŸ¤˜ğŸ½, , 
BQmBGipgqZc, 17859796111088093, therefinedagency, 2017-02-16 17:51:25, â¤ï¸ğŸ’™ğŸ’œ, , 
BQmBGipgqZc, 17872760329011576, kenzie_rainnn, 2017-02-16 18:05:28, ğŸ˜, , 
BQmBGipgqZc, 17861650393104819, abbyl_w, 2017-02-16 18:31:24, @jennieannelee, , jennieannelee 
BQmBGipgqZc, 17850183298147952, tonyrysk, 2017-02-16 19:47:46, Great work! ğŸ‘, , 
BQmBGipgqZc, 17872828309008680, hairbycarley.s, 2017-02-16 20:27:58, ğŸ˜ğŸ˜, , 
BQmBGipgqZc, 17881190605030826, experiencecollectors, 2017-02-17 08:44:58, Awesome gallery!ğŸ‘, , 
BQmBGipgqZc, 17873277382027525, julzvelez, 2017-02-17 10:39:48, @mariellafriasl, , mariellafriasl 
BQmBGipgqZc, 17850528418155439, abbyl_w, 2017-02-27 12:44:00, @hailmerk, , hailmerk 
BQmBGipgqZc, 17874339340043647, stephloos, 2017-02-27 23:23:00, @tmccottrell @katmulvaney, , tmccottrell katmulvaney 
BQmBGipgqZc, 17867437879070148, _jordyfarinella, 2017-03-02 08:28:08, @kyle.p.holder, , kyle.p.holder 
BQmBGipgqZc, 17853416761132630, angel_angel_angle, 2017-03-11 02:03:12, Nice, , 
BQmBGipgqZc, 17875467802062840, moment4life81, 2017-03-16 21:18:05, @samyalda3, , samyalda3 
BQmBGipgqZc, 17862861856085006, teesilva, 2017-03-28 20:01:44, Would like to book a VIP table  who can I contact?, , who 
BQmBGipgqZc, 17859191884181399, humbled_fitness, 2017-06-13 11:41:45, @theoxfordsd Thanks for the like!:), , theoxfordsd 
BQegoIUhmm3, 17861286991099307, loveitorlistitwitht, 2017-02-13 20:47:35, @theluxegen ğŸ‰, , theluxegen 
BQegoIUhmm3, 17860859104120519, rezidentmusicgroup, 2017-02-13 20:50:00, How bout we get @djnoel2033 on that list ğŸ”¥ğŸ‘ŒğŸ½, , djnoel2033 
BQed8YGB1P6, 17849139085162963, bondjustinbond_, 2017-02-13 18:59:24, Dam what a weekend., , 
BQed8YGB1P6, 17859834796080658, corydemery, 2017-02-13 19:03:15, Insane weekend @theoxfordsd looking forward to many more!, , theoxfordsd 
BQed8YGB1P6, 17873010280058686, alikitten, 2017-02-13 19:06:18, SUCH a great weekend!!, , 
BQed8YGB1P6, 17863307503078197, thedjicon, 2017-02-13 19:08:49, ğŸ”¥ğŸ”¥ğŸ”¥, , 
BQed8YGB1P6, 17872259821022121, therealhanshodvil, 2017-02-13 19:24:50, ğŸ™ŒğŸ¾ğŸ™ŒğŸ¾ğŸ™ŒğŸ¾, , 
BQed8YGB1P6, 17872128850008468, trevordeanphotos, 2017-02-13 19:38:15, Great times!, , 
BQed8YGB1P6, 17861267716119494, bradyspear, 2017-02-13 19:40:51, ğŸ™ŒğŸ™ŒğŸ™Œ, , 
BQed8YGB1P6, 17849193121190831, sirpearce, 2017-02-13 19:55:00, Weeeeeeeeewwwww!, , 
BQed8YGB1P6, 17859743932083851, dan_bolthouse, 2017-02-13 20:55:20, Whoop whoop!! ğŸ™ŒğŸ¼, , 
BQed8YGB1P6, 17861286196108336, jbladow, 2017-02-13 21:25:36, Wow such an amazing night, , 
BQed8YGB1P6, 17872599022003184, elenafalcon, 2017-02-13 21:35:11, When are we going!!! @el_andingo @acostathekid @erichupacabra ğŸ’ƒğŸ½, , el_andingo acostathekid erichupacabra 
BQed8YGB1P6, 17850935590137919, louisloother, 2017-02-13 21:42:26, I see you @ceciliabooo lol, , ceciliabooo 
BQed8YGB1P6, 17849179564162339, el_andingo, 2017-02-13 21:43:21, @elenafalcon most likely after Cabo in April ğŸ‘ğŸ¼, , elenafalcon 
BQed8YGB1P6, 17859691747094551, ceciliabooo, 2017-02-13 21:44:09, @louisloother lol i made itğŸ˜‰, , louisloother 
BQed8YGB1P6, 17872819528021276, elenafalcon, 2017-02-13 21:56:48, @el_andingo that's to far away. I wanna go sooooon, , el_andingo 
BQed8YGB1P6, 17871963124058223, el_andingo, 2017-02-13 22:05:28, @elenafalcon have fun then ğŸ‘ğŸ¼, , elenafalcon 
BQed8YGB1P6, 17849190856156673, kyleheckendorf, 2017-02-14 00:53:33, San Diego's finest, , 
BQed8YGB1P6, 17866503742069364, kaitlinkaitlinnn, 2017-02-14 07:42:38, ğŸ¾ğŸ¾ğŸ¾ğŸ¾ğŸ¾, , 
BQed8YGB1P6, 17861605180106142, taneshataylor, 2017-02-16 12:40:03, This is amazing !!, , 
BQed8YGB1P6, 17867323027064626, pdeeezy, 2017-02-16 13:34:25, @tashamadrid @breenahhh the new spot, , tashamadrid breenahhh 
BQed8YGB1P6, 17849586880155211, mglegros, 2017-02-17 19:53:58, @kcrennan, , kcrennan 
BQed8YGB1P6, 17849858539165330, kmarrtttt, 2017-02-21 19:31:01, @philjuly, , philjuly 
BQed8YGB1P6, 17875180639031458, morrelofthestory, 2017-02-22 18:54:21, @shylavi, , shylavi 
BQed8YGB1P6, 17867702944069774, jetstine, 2017-03-05 19:52:38, @danyelle_leigh we should go here too!, , danyelle_leigh 
BQed8YGB1P6, 17873409085058469, danyelle_leigh, 2017-03-05 20:29:07, ğŸ˜ğŸ¾ I'm in! @jetstine, , jetstine 
BQed8YGB1P6, 17874290401034348, _0scar___, 2017-03-06 21:16:07, @kiimboslice21, , kiimboslice21 
BQed8YGB1P6, 17866158067076760, weatherman.la, 2017-03-15 22:06:30, @ericedelist, , ericedelist 
BQed8YGB1P6, 17853344653146798, abbyl_w, 2017-03-26 12:40:36, @taytayshee @mcall64, , taytayshee mcall64 
BQed8YGB1P6, 17871339169071914, dveeezy_, 2017-04-12 14:11:13, @rickyisicky, , rickyisicky 
BQed8YGB1P6, 17878165630022034, katie_bratek, 2017-04-13 05:39:07, This club looks insane @karothehero_adventure_girlğŸ˜², , karothehero_adventure_girlğŸ˜² 
BQed8YGB1P6, 17864154955089421, teesilva, 2017-04-13 20:59:23, @doublejs4me, , doublejs4me 
BQed8YGB1P6, 17878873042034993, brittany.ann.brooks, 2017-05-07 17:10:07, @ablock247, , ablock247 
BQed8YGB1P6, 17893824439038078, jabbin_juniper, 2017-08-08 17:11:46, @hsmaxson ğŸ‰ğŸ», , hsmaxson 
BQed8YGB1P6, 17900064022057663, nataliersd, 2017-09-21 17:15:51, @ericbigger, , ericbigger 
BQed8YGB1P6, 17894454013108759, lensbianest, 2017-11-10 15:57:46, @aley_katt this is where we finna be tonight @mesehermosa_, , aley_katt mesehermosa_ 
BQWZ_IFhwpt, 17871400600063502, jonathanjttownsend, 2017-02-10 17:32:03, @pauldilongo I see you!, , pauldilongo 
BQWZ_IFhwpt, 17876295532039144, pauldilongo, 2017-02-10 17:36:48, @Jonathanjttownsend my mating call ğŸ‰, , Jonathanjttownsend 
BQWZ_IFhwpt, 17861078584107487, danika_gisvold, 2017-02-10 22:29:22, @pauldilongo ha! Love it, , pauldilongo 
BQWZ_IFhwpt, 17872291570059257, pinkcloud, 2017-02-11 08:55:58, The best thing I see in this is that no one is looking at a phone ğŸ™ŒğŸ¼â¤ğŸ™ŒğŸ¼ cheers ğŸ¥‚, , 
BQWZ_IFhwpt, 17863007395072346, bellaasker, 2017-02-11 11:25:23, @kandicexox found yağŸ˜‚ğŸ˜‚, , kandicexox 
BQWZ_IFhwpt, 17872245181049462, jenna6marie, 2017-02-11 18:04:17, @jbrewftw @sofiacolon @bpaush @sam1014n, , jbrewftw sofiacolon bpaush sam1014n 
BQWZ_IFhwpt, 17861336182115637, sillykrilly, 2017-02-15 11:54:26, @jenna6marie texting you rn @jenna6marie, , jenna6marie jenna6marie 
BQRNHVUBGMr, 17848781515173042, theoxfordsd, 2017-02-08 15:20:54, . . . . #pendrysandiego #eatsandiego #youstayhungrysd #sdfooddiaries #sdfoodie #sandiegoeats #dsdeat #foodie #foodporn #foodgasm #foodcoma #igfoodie #instafood #sandiego #locallovesd #food #nom #foodpic #foodpics #foodies #foodphotography #yummy #sandiegofood #sdeats #gaslampsd #yelpsandiego, pendrysandiego eatsandiego youstayhungrysd sdfooddiaries sdfoodie sandiegoeats dsdeat foodie foodporn foodgasm foodcoma igfoodie instafood sandiego locallovesd food nom foodpic foodpics foodies foodphotography yummy sandiegofood sdeats gaslampsd yelpsandiego , 
BQRNHVUBGMr, 17859273913086369, thekenyam, 2017-02-08 15:52:32, Super nice :), , 
BQRNHVUBGMr, 17850455611139904, vannyt22, 2017-02-08 15:57:08, @jessllchen new club! We need to check it out!, , jessllchen 
BQRNHVUBGMr, 17872169107014375, leaskou.partners, 2017-02-08 16:25:54, Great!, , 
BQRNHVUBGMr, 17848649101185305, christopher_lovexoxo, 2017-02-08 16:32:53, @theoxfordsd  classy ey?? will yall be the first club in sd with a coat check? haa, , theoxfordsd classy 
BQRNHVUBGMr, 17859107443092260, bdrox, 2017-02-08 17:42:15, This is awesome!, , 
BQRNHVUBGMr, 17860239748121286, jennadrenalina, 2017-02-08 19:59:07, ğŸ˜ğŸ˜ğŸ˜, , 
BQRNHVUBGMr, 17859101026083760, jessllchen, 2017-02-08 20:20:31, @vannyt22 def!!!, , vannyt22 
BQRNHVUBGMr, 17848975579155610, gabsde, 2017-02-10 14:37:24, @vanessa_wessa is it weird that I know this is a pic of Kendall Jenner on her 21st bday lol, , vanessa_wessa 
BQRNHVUBGMr, 17872306810063908, makenamatuse, 2017-02-16 16:08:47, @kendramcleish this dress, , kendramcleish 
BQQniTTBrFm, 17848675996182094, bbm_lifestyle, 2017-02-08 10:49:00, Yesssssssss can't wait to check it out!!! @theoxfordsd @bbm_lifestyle, , theoxfordsd bbm_lifestyle 
BQQniTTBrFm, 17860829128096254, kenzie_rainnn, 2017-02-08 11:09:12, How cute ğŸ™ˆ, , 
BQQniTTBrFm, 17872064197001729, sirpearce, 2017-02-08 12:20:50, Those fox masks are creeeeeeeeewpy here., , 
BQQniTTBrFm, 17850642124131931, mikeybecerralv, 2017-02-09 01:30:27, âš¡ï¸âš¡ï¸âš¡ï¸âš¡ï¸, , 
BQQniTTBrFm, 17871621634044630, heathashulee, 2017-02-09 07:01:37, ğŸ‰ğŸ‰ğŸ‰, , 
BQMEEjGB07x, 17848558120155899, therealhanshodvil, 2017-02-06 15:25:11, 1st, , 
BQMEEjGB07x, 17871504652019873, parqsd, 2017-02-07 10:20:31, ğŸ™Œ, , 
BQMEEjGB07x, 17860370560127639, bplusxmase, 2017-02-07 14:36:21, Here we goğŸ‰ğŸ‰, , 
BQMEEjGB07x, 17863179700102378, animalesque, 2017-03-06 12:35:20, Great image  love the headdresses ğŸºğŸ¦„, , love 
BQG6E8EAUOL, 17850413245134690, theoxfordsd, 2017-02-04 15:22:04, . . . . #pendrysandiego #eatsandiego #youstayhungrysd #sdfooddiaries #sdfoodie #sandiegoeats #dsdeat #foodie #foodporn #foodgasm #foodcoma #igfoodie #instafood #sandiego #locallovesd #food #nom #foodpic #foodpics #foodies #foodphotography #yummy #sandiegofood #sdeats #gaslampsd #yelpsandiego, pendrysandiego eatsandiego youstayhungrysd sdfooddiaries sdfoodie sandiegoeats dsdeat foodie foodporn foodgasm foodcoma igfoodie instafood sandiego locallovesd food nom foodpic foodpics foodies foodphotography yummy sandiegofood sdeats gaslampsd yelpsandiego , 
BQG6E8EAUOL, 17871228193013544, schmearsthedeal, 2017-02-04 15:56:54, Pretty nice :), , 
BQG6E8EAUOL, 17870713348016985, carreracafe, 2017-02-04 16:27:20, ğŸ’˜ love this one, , 
BQG6E8EAUOL, 17848920100147605, tridentcoffee, 2017-02-04 17:25:42, ğŸ˜„, , 
BQG6E8EAUOL, 17860927717105018, luxury_voyager, 2017-02-06 20:18:14, We love your posts!, , 
BQG6E8EAUOL, 17862788983104170, curiocitycatering, 2017-03-03 03:56:39, Aww sweet, , 
BQCkwIOBTX_, 17850077419137498, richcz3, 2017-02-03 14:11:27, Owning the bathroom mirror like a Boss ğŸ˜ğŸ˜‰ğŸ‘ğŸ‘ğŸ‘ğŸ‘, , 
BQCkwIOBTX_, 17848318759183879, lionessechulavista, 2017-02-03 20:37:15, ğŸ‘ŒğŸ‘Œ, , 
BQCkwIOBTX_, 17871538843017878, yongkangstreet, 2017-02-04 00:46:38, ğŸ’¯, , 
BQCkwIOBTX_, 17870750521033284, sillykrilly, 2017-02-04 10:47:30, For a split sec i thought this was you @beccahmccarthy how are ya?, , beccahmccarthy 
BQCkwIOBTX_, 17858920249091821, tommytom26, 2017-02-05 11:10:44, How do much those boots cost? I can't read the tag well., , 
BQCkwIOBTX_, 17873471332026112, fabolash_bysnow, 2017-02-22 16:35:08, But why did she have to leave th price tag on? @theoxfordsd @tommytom26, , theoxfordsd tommytom26 
BQCkwIOBTX_, 17861216476089091, thebenzino, 2017-03-06 15:37:28, @kassidy_faith, , kassidy_faith 
