ID,SHORTCODE,LIKES,NUM_COMMENTS,DATE,WEEKDAY,CAPTION,IS_VIDEO,VIDEO_VIEW_COUNT,USERS_LIKED,TAGS,MENTIONS,HAS_COMMENTS
1776328951871244444,BimycU0hwic,268,12,2018-05-10 17:55:34,Thursday,@BNEGnightlife resident @R3HAB returns to #TheGrandBoston on Friday  5/18 ğŸŸ bit.ly/grandmay18,False,,_moek10 msoliman27 ty_cubano bostonempire sarahgeiselman rushforjohn16 madaramvsic jaguarlita mo_b630 bnegnightlife ,TheGrandBoston ,BNEGnightlife R3HAB 5/18 ,True
1775801999288473418,Bik6oJ_BJdK,214,5,2018-05-10 00:28:36,Thursday,Donâ€™t miss our GRANDuation week bash with @weare2cents tomorrow at #TheGrandBoston ğŸ“ | Tickets: bit.ly/granduationmay10,False,,djalxndr ajajajajajah nicolelambi immannyirocofficial xermane circusbabe dancafferty mind_honeyy michelle_porras17 randygreenstein ,TheGrandBoston ,weare2cents ,True
1774929174608523554,Bih0K4qBLEi,298,13,2018-05-08 19:36:18,Tuesday,Wild night with @loudluxury | Relive it.â˜ğŸ½ğŸ”¥ #iLoveMondays #TheGrandBoston,True,2037.0,giuliano1982 jjpowers4 djnunzio millwarcal theraveutopia noorlindmusic ayacobian nicolasjcarroll djkaoru l30a ,iLoveMondays TheGrandBoston ,loudluxury ,True
1774087499170675652,Bie0y5Uh3vE,398,18,2018-05-07 15:42:12,Monday,Party is on with @loudluxury TONIGHT at #TheGrandBoston #iLoveMondays ğŸŸ link in bio,False,,whiskeyformayor rickycboston intotheam manwell_cvboy patrickkenney97 ashl3y_ross mylourod tito_pin rmanley7 bignightent ,TheGrandBoston iLoveMondays ,loudluxury ,True
1772773341074430482,BiaJ_YOBhoS,151,5,2018-05-05 20:12:47,Saturday,Incase you forgot what happened last night with @bingoplayers ğŸ‘†ğŸ»,True,1800.0,aligorin nbousy rayray_all_day omgoshjenn dmendzz alexreissis nandaerael kirashababb dj_hack_it rayastoynova_ ,,bingoplayers ,True
1771163158724218886,BiUb4JDBBAG,245,3,2018-05-03 14:52:03,Thursday,Weâ€™re always ready to celebrate at #TheGrandBoston! Friday: @bingoplayers Saturday: @djriznyc Monday: @LoudLuxury Tickets + Tables at TheGrandBoston.com,False,,teddyyrose danicarr27 coldabank afewplacesonearth schumoney bostonapartments101 anthony.manni saraskinner johnnycamm athanthebarber ,TheGrandBoston ,bingoplayers djriznyc LoudLuxury ,True
1770425857014658158,BiR0O_UhnRu,442,23,2018-05-02 14:27:10,Wednesday,Gearing up for the weekend at #TheGrandBoston Friday: @bingoplayers Saturday: @djriznyc Monday: @loudluxury Tickets + tables at TheGrandBoston.com,False,,c.jimenez20 zeus.universe youthwondersmusic rickwonder davepalmacci wcartwright3 thebangerseries pamelavargasb jmaldade afewplacesonearth ,TheGrandBoston ,bingoplayers djriznyc loudluxury ,True
1767573893570500842,BiHrxdYhhjq,156,5,2018-04-28 16:02:13,Saturday,What. A. Night. @cheatcodes ğŸ™ŒğŸ»,True,1639.0,josecorrales_10 obster21 mglifestylesolutions arubsss jannifern athenaziogas katherineeeu itsbausten gillieabreuu mr_parkside225 ,,cheatcodes ,True
1766122411486680031,BiChvnWhRPf,455,5,2018-04-26 15:56:59,Thursday,The weekend spot. ğŸ“ #TheGrandBoston Tomorrow: @cheatcodes Saturday: @djikon Monday: @makj Tickets + tables at TheGrandBoston.com,False,,bsgrabs kim_farrington juanpablo.711 alexacarey17 deltacuberecords sancori_ bvrnoutofficial caitiepowers djchampane sydney.raeann ,TheGrandBoston ,cheatcodes djikon makj ,True
1765409765137544807,Bh__tPuB3Zn,218,6,2018-04-25 16:21:05,Wednesday,We canâ€™t wait to party with @cheatcodes this Friday at #TheGrandBoston! ğŸ™ŒğŸ½ Donâ€™t miss out  tickets at TheGrandBoston.com,False,,c.jimenez20 tmcvicar16 randygreenstein o_inguica theprojectum rusty.clifford venaccio briannamnelson cvbzmvzic breezysiri17 ,TheGrandBoston ,cheatcodes tickets ,True
1764793631275158321,Bh9znUWBwsx,179,7,2018-04-24 19:57:35,Tuesday,#iLoveMondays x @thehimofficial âš¡ï¸ #TheGrandBoston,True,1588.0,randygreenstein borgeousmusic castaneda.a__ sarahgeiselman georgepaone scorpionboston 128_productions scottforshawofficial scorpionpatriotplace ,iLoveMondays TheGrandBoston ,thehimofficial ,True
1763981416829779413,Bh668Csh33V,269,12,2018-04-23 17:03:13,Monday,I ğŸ’› Mondays with @thehimofficial tonight at #TheGrandBoston! Tickets + tables at TheGrandBoston.com,False,,djalxndr jonqialau redlanternbos emmajanejetsaway rsemidei karan97g gusta_viana scorpionfoxwoods kenyon_jones702 abradlee ,TheGrandBoston ,thehimofficial ,True
1763373509851240194,Bh4wt1NBFcC,168,5,2018-04-22 20:55:43,Sunday,@djvice knows how to party...ğŸ”¥ #BNEGnightlife #TheGrandBoston,True,1510.0,kimdowd alexandrecmdj alexreissis johnnycamm kev16sco anthonyyyy508 mo_b630 drummertimmyj guysfoxwoods nbuckettv ,BNEGnightlife TheGrandBoston ,djvice ,True
1762485035619073443,Bh1ms1GBD2j,225,9,2018-04-21 15:30:10,Saturday,Itâ€™s always an epic night when @djvice takes over #TheGrandBoston! Donâ€™t miss him TONIGHT! ğŸ’¥ Doors open at 9:30pm,False,,omgitzchr1s scorpionboston stevewallsdj ryanparadise_ zoak123 djfwb justlightsout dirtydek alistsocialentertainment foxycollective ,TheGrandBoston ,djvice ,True
1761244647789162332,BhxMqz6B-9c,345,5,2018-04-19 22:25:44,Thursday,Party with us all weekend at #TheGrandBoston! Tomorrow: @princefox Saturday: @djvice Monday: @thehimofficial Tickets + tables at TheGrandBoston.com,False,,jonx508 andreche20 region82 basstaste lyndaca27 zandrosmusic magabrielaum robertaloliver jnich69 korea_chunja ,TheGrandBoston ,princefox djvice thehimofficial ,True
1760351766995965430,BhuBpr3hpX2,213,6,2018-04-18 16:51:45,Wednesday,We canâ€™t wait to kick off the weekend with @bnegnightlife resident @princefox this Friday at #TheGrandBoston! Tickets + tables: bit.ly/grandapril20,False,,ayeoo_romero jeremygail djalvin_g redlanternbos tcrlovesjr danhealemusic valattina itsbausten tdball55 conorcary ,TheGrandBoston ,bnegnightlife princefox ,True
1759668086182931327,BhrmM0fhmt_,302,9,2018-04-17 18:14:04,Tuesday,What an insane night! Thank you  @alanwalkermusic!ğŸ”¥ #iLoveMondays #TheGrandBoston,True,1903.0,eden laurenboutet castaneda.a__ djcosta nandaerael peters0717 phan_navong matttfielding bri_saad justinnyce ,iLoveMondays TheGrandBoston ,@alanwalkermusic!ğŸ”¥ ,True
1758952867089560784,BhpDlAzhzTQ,827,13,2018-04-16 18:32:23,Monday,Gearing up for an epic #iLoveMondays with @alanwalkermusic TONIGHT! Advance tickets are sold out. Limited tickets will be available at the door starting at 9:30pm. Arrive early! #TheGrandBoston,False,,boedy_herzacky kais_d_ devanshu_jorwal ordinary_chetia gurjant______00 crownzz3 mangel_mp7 iamdejff siddharth.guleria dj_ilyha ,iLoveMondays TheGrandBoston ,alanwalkermusic ,True
1757700439828594090,BhkmzzBh_2q,358,17,2018-04-15 01:04:36,Sunday,Last night with @3lau ğŸ”¥ğŸ”¥ğŸ”¥ #TheGrandBoston,True,2268.0,kissmideadly_ heroookkk _raffa_t kswag985 taylormaniatty rickycboston rushforjohn16 tjantonetti12 jaredrobichaud bignightent ,TheGrandBoston ,3lau ,True
1756745423416291655,BhhNqerhXFH,268,15,2018-04-13 17:26:35,Friday,Last night // UnderGrand Vol:002 x @realblackcoffee. #TheGrandBoston,False,,bostonapartments101 your_friend_jamie_ toriajoyce rushforjohn16 wilma.felice ideenc scorpionpatriotplace jaredsinger mikemarcoccia melissajturek ,TheGrandBoston ,realblackcoffee. ,True
1754662505416030187,BhZ0ECIBPfr,309,12,2018-04-10 20:28:12,Tuesday,ğŸº @timmytrumpet x #iLoveMondays ğŸº #TheGrandBoston,False,,amurphy.13 marcrocheofficial 3rligne leticialraposo janessacourtney dsmadd metermobb rafaelterrill sean__salas arubsss ,iLoveMondays TheGrandBoston ,timmytrumpet ,True
1753860128618349186,BhW9n6gBIKC,298,10,2018-04-09 17:54:01,Monday,Party is on with @timmytrumpet TONIGHT at #TheGrandBoston #iLoveMondays ğŸº Ticket link in bio.,False,,djscene hensonkara str8uplilshorty guysfoxwoods sgt.dnasty j_newyen92 amandasmolin marksavagejr ac.jr.music alexandertechnique ,TheGrandBoston iLoveMondays ,timmytrumpet ,True
1752342996063640729,BhRkqutBFyZ,670,32,2018-04-07 15:40:03,Saturday,ğŸ’¥ @marshmellomusic + @loudluxury ğŸ’¥ #TheGrandBoston,True,5404.0,melissa2904lara slushii_mage iamthoreau chloegalll bobo_nop codydale_ lais_wolf mrsbird33 fabrejay stefanaronsen ,TheGrandBoston ,marshmellomusic loudluxury ,True
1751603877775715635,BhO8nJKBK0z,1275,69,2018-04-06 15:11:15,Friday,@marshmellomusic TONIGHT at #TheGrandBoston Opening set by @bnegnightlife residents @loudluxury Donâ€™t miss out! Ticket link in bio.,False,,cove_a bmothedj bigjuicebaby chandakea sltcapture_moments sidak_bomrah justinex3 eaglesnestmusicnetwork itsmandyxxo official_donkon ,TheGrandBoston ,marshmellomusic bnegnightlife loudluxury ,True
1751001590628915471,BhMzqtilJkP,289,10,2018-04-05 19:14:37,Thursday,@garethemery @ashwallbridge tonight // @marshmellomusic @loudluxury tomorrow! #TheGrandBoston Tickets + tables at TheGrandBoston.com,False,,saraboteroh karlsenger_ cpaone27 ekkomusicofficial djment yu.chan1122 noorlindmusic mike_wenger amandasmolin krissygilly ,TheGrandBoston ,garethemery ashwallbridge marshmellomusic loudluxury ,True
1750451870810649433,BhK2rPEFjNZ,656,94,2018-04-05 01:02:25,Thursday,ğŸš¨ ANNOUNCING: @marshmellomusic this Friday at #TheGrandBoston // opening set by @loudluxury Tickets + tables on sale NOW! Link in bio.,False,,bostondentaldesign elainephom amyrdono wheresalexx think_like_troy krissygilly beccaspada joeobneg stephdsanders cheflu_ ,TheGrandBoston ,marshmellomusic loudluxury ,True
1748752595303149153,BhE0ThbFi5h,378,7,2018-04-02 16:46:16,Monday,Real heroes bring out the bottles. â™ ï¸ Weâ€™re ready to party with @djtigerlily tonight at #TheGrandBoston #iLoveMondays! ğŸ”— in bio for tickets + tables,False,,alexandrecmdj kris.x.cross 11kash just.shelbs djfuriouss mimoedm iamkelly0616 xqvl_ juliematteo bostonsfunfood ,TheGrandBoston iLoveMondays ,djtigerlily ,True
1747331703729566815,Bg_xO1BlDRf,252,11,2018-03-31 17:44:01,Saturday,Relive last night with @kapslap ğŸŒ plus a special edition of #CookingwithDJs featuring a kap-slappinâ€™ grilled cheese. #TheGrandBoston,True,1978.0,v2honey rickycboston jake_frm_state_farm___ aldrinzeus5 lyse4 karlsenger_ rayray_all_day nbuckettv dirtydek mvislander34 ,CookingwithDJs TheGrandBoston ,kapslap ,True
1746757711088131254,Bg9uuIuFRy2,359,3,2018-03-30 22:42:47,Friday,All of the lights. ğŸ™ŒğŸ½âœ¨ Get ready to party at #TheGrandBoston all weekend: @kapslap tonight // @djcosta tomorrow Tickets + tables at TheGrandBoston.com,False,,avonni.global djparpol91 mr._narvekar_10 pedroluisleyva10 sid_khan198 michelemansur austinfrom_boston_ weii.ww sharko_chandran cesar_inspires ,TheGrandBoston ,kapslap djcosta ,True
1746048841508425863,Bg7Niuel5CH,344,6,2018-03-29 23:14:23,Thursday,Weâ€™re ready to kick off the weekend with @kapslap tomorrow at #TheGrandBoston! Tickets + tables at TheGrandBoston.com,False,,alexandrecmdj dave_osei ttravissss adrianoduim verity.strict supa_dupa_dee_ jonx508 toastedflats rickycboston shrinefoxwoods ,TheGrandBoston ,kapslap ,True
1744448418254961644,Bg1hpgLFDvs,335,19,2018-03-27 18:15:28,Tuesday,Epic night with @oliverheldens âš¡ï¸ #iLoveMondays #TheGrandBoston,True,2507.0,swagesound andrewpachecolv b_stysk rickycboston fill.m14 johnnycamm blcastillo jorge.fernandez3689 paris_lebron martha_henao84 ,iLoveMondays TheGrandBoston ,oliverheldens ,True
1743751752480938239,BgzDPrnF1j_,320,13,2018-03-26 19:10:29,Monday,@oliverheldens is taking over #iLoveMondays at #TheGrandBoston TONIGHT! Grab your tickets now â¡ï¸ bit.ly/grandmarch26,False,,rosepaiva85 scorpionpatriotplace linagv17 lorchangita astridvb1021 jbear313 beautybynelse dan.sonder vypa dsmadd ,iLoveMondays TheGrandBoston ,oliverheldens ,True
1743049321132553926,Bgwjh9cF3bG,385,4,2018-03-25 19:54:52,Sunday,The weekend isnâ€™t over yet! Weâ€™re partying with @oliverheldens tomorrow at #TheGrandBoston #iLoveMondays ğŸ¾ğŸ”¥ Donâ€™t miss out: bit.ly/grandmarch26,False,,j.peace18 itsbvillain therealadamparrott martha_henao84 webylive felnemr the.balayage.bar danibbyxoxo yvesvpr alexandrecmdj ,TheGrandBoston iLoveMondays ,oliverheldens ,True
1741703041034736095,BgrxbAZF9Hf,310,11,2018-03-23 23:20:03,Friday,Ready to party all weekend at #TheGrandBoston ğŸ™ŒğŸ½ Tonight: @firebeatz Tomorrow: @clintonsparks Monday: @oliverheldens Tickets + tables at TheGrandBoston.com,False,,rushforjohn16 quest.4life dj_jazz_mangwani officialedp johnnycamm 3rdprototype bazoberry jmywd mauiiwowiie febryanap16 ,TheGrandBoston ,firebeatz clintonsparks oliverheldens ,True
1740934700325962453,BgpCuLWFILV,327,8,2018-03-22 21:53:30,Thursday,Weekend vibes ğŸ¾ğŸ¾ğŸ¾ Kicking it off with @firebeatz tomorrow at #TheGrandBoston Tickets + tables: bit.ly/grandmarch23,False,,djdubs1 zankyofficial bruh_morato alexandrecmdj emcorsaro eliss93a djlydiamore nehaakhosla jake_hadden ginelle.price ,TheGrandBoston ,firebeatz ,True
1739342267037969197,BgjYpORnust,205,7,2018-03-20 17:10:00,Tuesday,@dzeko x #iLoveMondays ğŸ”¥ #TheGrandBoston,True,1406.0,rushforjohn16 btownusa1 officialhybridcode noorlindmusic falco137155 bananasplitcomedyandburlesque bostonspaulg djpatfarrell dj_jazz_mangwani punkyj1987 ,iLoveMondays TheGrandBoston ,dzeko ,True
1738625644580785900,Bgg1s_mn07s,282,11,2018-03-19 17:25:49,Monday,i ğŸ’› Mondays with @dzeko TONIGHT at #TheGrandBoston Tickets + tables at TheGrandBoston.com,False,,scorpionfoxwoods planetedment jorge.fernandez3689 kianasophiax3 p_r007 buyinboston zoobear978 fuseamania bgears22 internationalsanto ,TheGrandBoston ,dzeko ,True
1737873841366797767,BgeKw0THI3H,264,12,2018-03-18 16:32:07,Sunday,@dzeko is kicking off his @bnegnightlife residency tomorrow at #TheGrandBoston #iLoveMondays ğŸ™ŒğŸ½ Donâ€™t miss out: bit.ly/grandmarch19,False,,kikirautiola i9agencia_ jessguardado motion.up georgepaone teplowa blu3cat_official boscityguy jarrett_gggx3 adriellyxa ,TheGrandBoston iLoveMondays ,dzeko bnegnightlife ,True
1737234682537274439,Bgb5b1QH2xH,257,16,2018-03-17 19:23:10,Saturday,@staffordbrothers heating things up last night at #TheGrandBoston ğŸ”¥ğŸ‘¨ğŸ¼â€ğŸ³ğŸ‘¨ğŸ¼â€ğŸ³ #CookingWithDJs #CookingWithIdiots,True,2186.0,raviwin anerdthatlifts sweetspicesbyglo steffenhartwellj p_r007 zac_young denise_avelino rafaelterrill the.souz tictacktone ,TheGrandBoston CookingWithDJs CookingWithIdiots ,staffordbrothers ,True
1736488413975882249,BgZPwMfnSoJ,467,9,2018-03-16 18:39:31,Friday,Ready for the weekend at #TheGrandBoston ğŸ™ŒğŸ½ Tonight: @staffordbrothers Tomorrow: @djscene Monday: @dzeko Tickets + tables at TheGrandBoston.com,False,,carbonfiberhuracan deltacuberecords djfuriouss athanthebarber 12jmg11 p_xii_xii blackwolfmasa k1ngsp00n kyleesharon duckashan ,TheGrandBoston ,staffordbrothers djscene dzeko ,True
1735663519495260611,BgWUMZpHonD,203,7,2018-03-15 15:20:36,Thursday,UnderGrand Vol: 001 TONIGHT with @themagicianclub. Donâ€™t miss out! â¡ï¸ Tickets + tables: bit.ly/undergrandvol001,False,,yungscarlet617 lipos_music kdono213 explorateurbos o7_music jgregdarling phillip377 jmadrigal617 aligorin toriajoyce ,,themagicianclub. ,True
1734974618845146178,BgT3jk6lWxC,275,11,2018-03-14 16:31:53,Wednesday,@staffordbrothers are taking over #TheGrandBoston on Friday! ğŸ™ŒğŸ½ğŸ’¨ Don't miss out  tickets: bit.ly/grandmarch16,False,,riovegasofficial marksavagejr rvltn_papi woodsj_ dj_jazz_mangwani iamdjdoe adriellyxa sammbelanger daria_shiryaeva itsbausten ,TheGrandBoston ,staffordbrothers tickets: ,True
1734193912842357014,BgRGCzynQkW,756,74,2018-03-13 14:43:56,Tuesday,ğŸ“½ Last night was one for the books! Thank you  @steveaoki....ğŸ”¥ğŸ‚ #TheGrandBoston #iLoveMondays,True,6252.0,movementdance briileex4 carolinefcamp charlesfiorello__am_a_boss patrickreza justthatwizard pequena091 kat_erine elisabetrodriguez rosepaiva85 ,TheGrandBoston iLoveMondays ,@steveaoki....ğŸ”¥ğŸ‚ ,True
1733491778668777601,BgOmZaYnNCB,426,24,2018-03-12 15:25:45,Monday,TONIGHT! @steveaoki is kicking off his @BNEGnightlife residency at #TheGrandBoston â¡ï¸ğŸ‚ Donâ€™t miss out! Ticket link in bio.,False,,heatherdoyle luccifrancomusic nicolelambi _feliciarose_ quigleyheidi_fit tonyclarketunes xheraldo.alushi alexa__amato suegabriellaxo stylezup ,TheGrandBoston ,steveaoki BNEGnightlife ,True
1732847592999365836,BgMT7RunizM,303,12,2018-03-11 18:07:03,Sunday,A day in the life of a @bnegnightlife resident  starring @djvice....ğŸŒ®ğŸ¾âš¡ï¸ #BNEGnightlife #TheGrandBoston,True,2544.0,djmrshaw pmccarthyyy jdaniel1997 teamwright41 jacqueline.naomi afewplacesonearth kearymillard trapbangers topictees mandeekarpenko ,BNEGnightlife TheGrandBoston ,bnegnightlife starring djvice....ğŸŒ®ğŸ¾âš¡ï¸ ,True
1732135403200023182,BgJx_jSnYqO,258,12,2018-03-10 18:32:47,Saturday,About last night...ğŸ’¥ Thank you @cedricgervais! #TheGrandBoston #BNEGnightlife,True,1862.0,lvndscape aderita2382 magnace samuelecastriotadjshark chrisjourdian omgoshjenn georgepaone d_batista7 haffyella maria1mk ,TheGrandBoston BNEGnightlife ,cedricgervais! ,True
1731481466964872818,BgHdThtnQ5y,333,15,2018-03-09 20:51:37,Friday,Rollinâ€™ into #TheGrandBoston likeâ€¦.ğŸ¾ğŸ™ŒğŸ½â™ ï¸ Get ready to party with @cedricgervais tonight! Tickets + tables: bit.ly/grandmar9,False,,friskybulldog rocababylili b.carp_ michaelmatics_fanpage matheussalles torinap15 ucemi_techno wilson._r liz_eang nestorkeram ,TheGrandBoston ,cedricgervais ,True
1730845265438350800,BgFMpk3np3Q,232,3,2018-03-08 23:47:36,Thursday,#BNEGnightlife resident @djvice is taking over #TheGrandBoston this Saturday. Donâ€™t miss out! General admission available at the door starting at 9:30pm. For VIP tables: 617.658.8008,False,,djvallas codylee_ djmuratozdemir amurphy.13 rouvalisflowers ndiblasi33 patrickdillon23 35milli amandalohmann brittanymosier ,BNEGnightlife TheGrandBoston ,djvice ,True
1729967273736609837,BgCFBHYHyAt,311,10,2018-03-07 18:43:11,Wednesday,Gearing up for another epic weekend at #TheGrandBoston ğŸ™ŒğŸ½ Friday: @cedricgervais Saturday: @djvice Monday: @steveaoki Tickets &amp; tables at TheGrandBoston.com,False,,sarahgeiselman kdono213 filinholiveira lord_netty rmahoney625 dj_airhound amy.levenson dinoroc astridvb1021 shanastagz ,TheGrandBoston ,cedricgervais djvice steveaoki ,True
1729308814111758929,Bf_vTREFVpR,260,22,2018-03-06 20:55:52,Tuesday,ğŸ”¥ @brklynmusic x #iLoveMondays ğŸ”¥,True,2002.0,bostonspaulg babyhuey367 brianax3 amitemusic johnnycamm theandyaesthetic linnnylouuu redsunofficial trontronicentertainment dvjkingarthur ,iLoveMondays ,brklynmusic ,True
1728508636161357009,Bf85XJRl7TR,235,4,2018-03-05 18:25:08,Monday,Party is on with @brklynmusic TONIGHT at #TheGrandBoston #iLoveMondays! Grab your free ticket now  link in bio!,False,,aidenjude djsprkz adriemariee_ djvivid djzesko kvelazquez18 nicole_lyla franchmariee djmuratozdemir itsbausten ,TheGrandBoston iLoveMondays ,brklynmusic link ,True
1727762666830088057,Bf6Pv3Mlsd5,488,30,2018-03-04 17:43:01,Sunday,We canâ€™t wait for @steveaoki to kick off his @bnegnightlife residency on March 12th at #TheGrandBoston! Tickets: bit.ly/grandmarch12,False,,stan0527 samaposto rebel_kitten arturo.cervantes.33055 carbonfiberhuracan bvrnoutofficial ngreco amanda.loi carla_costa_cabral dj_sk_one ,TheGrandBoston ,steveaoki bnegnightlife ,True
1727106867418099434,Bf36ouZl-7q,452,23,2018-03-03 20:01:01,Saturday,#TheGrandBoston was hit by #Winterstorm @bennybenassi last night...ğŸŒªâš¡ï¸,True,3070.0,omgitscandy jollysweets djagniveshkashyap yashbagul__ its_cvmo brennaspols bibbski92 corruptcorn _suraj_bhagat_ dee.nahh ,TheGrandBoston Winterstorm ,bennybenassi ,True
1726983650946739525,Bf3ensHlm1F,604,7,2018-03-03 15:55:15,Saturday,Epic night with the legend @bennybenassi âœŒğŸ½ #TheGrandBoston,False,,nicholasg007 juano_mpg willyamccallme litvinho valentinofererro corydurks b_o_o_r_a kerbearrr15 lheldel jingxuantangoon ,TheGrandBoston ,bennybenassi ,True
1726471449143959015,Bf1qKLBFF3n,554,9,2018-03-02 22:57:36,Friday,Weâ€™re so ready to party with @bennybenassi tonight at #TheGrandBoston! ğŸ™ŒğŸ½â¡ï¸ This area is NOT flooded and we will be OPEN at 9:30pm! See you soon ğŸ¾,False,,mgomezcano erin__vaughan erikaleigh318 martin_kid dansullymass pinoyone79 sharko_chandran sumitakonge itstriplem senadabosschick_ ,TheGrandBoston ,bennybenassi ,True
1725763065424080902,BfzJF1RF3AG,286,17,2018-03-01 23:30:43,Thursday,âª to the last time we partied with @brklynmusic! Theyâ€™re kicking off their @bnegnightlife residency at #TheGrandBoston this Monday  3/5. Donâ€™t miss out! Tickets: bit.ly/grandmar5,True,1677.0,rickycboston malcolmb24 semtagram djzesko blood_luxx makni_hassen seantheroadagain ayzmusicuk misskarinap _moosho ,TheGrandBoston ,brklynmusic! bnegnightlife 3/5. ,True
1724226133724432188,BftroiFFwc8,252,5,2018-02-27 20:36:34,Tuesday,I ğŸ’› Mondays with @sunneryjames &amp; @ryanmarciano ğŸ”¥â¡ï¸ if you missed out  catch them @shrinefoxwoods tonight!,False,,lovuplace jarrett_gggx3 jgregdarling d3r3k_a wesley.epifanio finkshotit manwell_cvboy juzemusic liz_almonds shivvv97 ,,sunneryjames ryanmarciano catch shrinefoxwoods ,True
1723466561342495175,Bfq-7TLFVnH,263,7,2018-02-26 19:27:26,Monday,TONIGHT: @sj_rm are taking over #iLoveMondays at #TheGrandBoston! Donâ€™t miss out â¡ï¸ Ticket link in bio,False,,marcrocheofficial goldenchildmusic joeytassone3 liamkeegandj dannilaura misskarinap taureanofficial djmuratozdemir victor_joelc nbuckettv ,iLoveMondays TheGrandBoston ,sj_rm ,True
1722716221236168233,BfoUUaflcYp,182,12,2018-02-25 18:37:01,Sunday,Last night with @londonondatrack...ğŸ™ŒğŸ½ğŸ”¥ #TheGrandBoston,True,1504.0,chad2216 thekingofthestreets zctuck3 meylinavelar smileitzkyle vihaan8 bongo_sean toastedflats rayray_all_day simona.petrucci ,TheGrandBoston ,londonondatrack...ğŸ™ŒğŸ½ğŸ”¥ ,True
1721330369767464137,BfjZNnvFNzJ,276,5,2018-02-23 20:43:12,Friday,That Friday feelingâ€¦ğŸ¾ğŸ¾ğŸ¾ Kicking off the weekend with @feenixpawl tonight at #TheGrandBoston! Tickets + tables at TheGrandBoston.com,False,,gracegoodfellow robertaloliver nihaolinglingg tcharley_sr afewplacesonearth powersbrennan dansullymass jberry831 claudiaggeib anthonifkennedy ,TheGrandBoston ,feenixpawl ,True
1720690120938940300,BfhHoxjFueM,302,5,2018-02-22 23:31:08,Thursday,The calm before a Grand weekend... âœ¨  Tomorrow: @feenixpawl Saturday: @londonondatrack Monday: @sj_rm Tickets + VIP tables at TheGrandBoston.com,False,,marz.ellll afewplacesonearth ymfchino victor_joelc powersbrennan tablelist kanicejelley tweedle_deee toastedflats newenglandseason ,,Tomorrow: feenixpawl londonondatrack sj_rm ,True
1719305307577157365,BfcMxFmlIb1,449,11,2018-02-21 01:39:45,Wednesday,#repost @dimitrivegasandlikemike | Mondays in #Boston ğŸ”¥,False,,b_o_o_r_a dj_sk_one redlanternct i_am_desi_111 miguelpizarroo whosruss drakz.official veryflyclothing tkowski_ toastedflats ,repost Boston ,dimitrivegasandlikemike ,True
1719035331880672315,BfbPYbJF9w7,508,45,2018-02-20 16:43:48,Tuesday,Thank you @dimitrivegasandlikemike for an unforgettable #iLoveMondays at #TheGrandBoston! ğŸ™ŒğŸ½ğŸ’¥,True,4361.0,samume98 eri8642 jorge.fernandez3689 jonyneftaly_praderas kenncolt a_head_full_ofdreams sophisticatedxgun cabeto_14 bostonfit1017 snjy_meena ,iLoveMondays TheGrandBoston ,dimitrivegasandlikemike ,True
1718425883311073767,BfZEzx7l-nn,290,7,2018-02-19 20:32:30,Monday,@dimitrivegasandlikemike are taking over #iLoveMondays at #TheGrandBoston TONIGHT! Limited advance tix remaining  link in bio | doors open at 10pm  arrive early!,False,,zoak123 brian_deyknow amandalohmann jdaniel1997 jillianwatts riprucker 11kash aimeechicoine tortojams wingnut9944 ,iLoveMondays TheGrandBoston ,dimitrivegasandlikemike link arrive ,True
1717075586193951546,BfURyXvlgs6,287,3,2018-02-17 23:49:42,Saturday,Weâ€™re partying with @djmightymi tonight at #TheGrandBoston ğŸ’¥ Doors open at 9:30pm  arrive early!,False,,f.savio alli_kelly rnzla aimeechicoine quest.4life _lrussell mystiquect djmistergray colleen.rusk jamminwizard ,TheGrandBoston ,djmightymi arrive ,True
1716913997729844692,BfTtC8wlU3U,285,18,2018-02-17 18:30:44,Saturday,@twofriendsmusic brought the ğŸ”¥ last night...ğŸ™ŒğŸ½ #TheGrandBoston,True,2288.0,bellafitness_model kamcwade filinholiveira charbie_matta olivia_mary__ amyrdono 617promotions fpires5 hazelso alishacusano ,TheGrandBoston ,twofriendsmusic ,True
1716114418541288489,BfQ3PinFFwp,602,71,2018-02-16 16:00:02,Friday,Just announced ğŸ“£ @STEVEAOKI is kicking off his 2018 @bnegnightlife residency at #TheGrandBoston on Monday  March 12th! Tickets &amp; tables on sale NOW: bit.ly/grandmarch12,False,,unkown_raver420 xheraldo.alushi paivalho pellets88 moares3 adrianoduim mikey_24boston pyepie jsinsaints manny.2030 ,TheGrandBoston ,STEVEAOKI bnegnightlife March ,True
1715462665877595709,BfOjDSpFCY9,412,31,2018-02-15 18:25:07,Thursday,Introducing the @bignightent @bnegnightife artist residency line-up. Catch them throughout 2018 @thegrandboston &amp; @shrinefoxwoods. #BNEGnightlife,False,,bostonspaulg lo_mcf sweetmelissssa 4lex4well maggs_k rafaelterrill cf_munich jakemoskow jawnearl dmytroirsan ,BNEGnightlife ,bignightent bnegnightife thegrandboston shrinefoxwoods. ,True
1714875982824157307,BfMdp7eFTB7,290,32,2018-02-14 23:00:35,Wednesday,We are excited to announce the #BNEGnightlife 2018 Artist Residency Line-Up: @steveaoki @breathecarolina @brklynmusic @brookeevers @cedricgervais @cheatcodesmusic @dzeko @loudluxury @nervomusic @princefox @r3hab @richforever @staffordbrothers @djvice @yellowclaw @kirillwashere,True,2298.0,adheeshlilaramani _j_pereira pumpkin_jl felnemr nick_sadler jannet_trasga kevink2307 zankyofficial tablesonly christinafrancoisofficial ,BNEGnightlife ,steveaoki breathecarolina brklynmusic brookeevers cedricgervais cheatcodesmusic dzeko loudluxury nervomusic princefox r3hab richforever staffordbrothers djvice yellowclaw kirillwashere ,True
1714198094370184940,BfKDhWplh7s,206,6,2018-02-14 00:33:46,Wednesday,ğŸŒ¹ Hooked on @bonniexclydedj ğŸŒ¹ #TheGrandBoston #iLoveMondays,True,1661.0,kiddleow thebirdman_90 eroticcafe_official aligorin gamagq bignightent bennydngr katleon_ celestial_fae ginelle.price ,TheGrandBoston iLoveMondays ,bonniexclydedj ,True
1712737122531016799,BfE3VamFgBf,299,4,2018-02-12 00:09:57,Monday,Donâ€™t miss #iLoveMondays with @bonniexclydedj tomorrow at #TheGrandBoston! Grab your free ticket now  link in bio. ğŸ™ŒğŸ½,False,,jorgecuervo8 joshb529 sadra_amirzehni rmanley7 rckybtz 4lex4well joegencarelli danasworkshop muratxsalman d_bam ,iLoveMondays TheGrandBoston ,bonniexclydedj link ,True
1711829117874554772,BfBo4NXFUeU,324,12,2018-02-10 18:06:31,Saturday,Strong start to the weekend with @sultanshepard ğŸ’¥ #TheGrandBoston,True,4061.0,kristenlhairandmakeup mayhem.artist willscitylife kirstenmarieeb _imerdesi craigpenalope kevink2307 zankyofficial christinafrancoisofficial ah_bo__ ,TheGrandBoston ,sultanshepard ,True
1711147480543277311,Be_N5FIFjD_,264,6,2018-02-09 19:31:37,Friday,Kicking off the weekend with @sultanshepard TONIGHT at #TheGrandBoston! Tickets + VIP tables: bit.ly/grandfeb9,False,,briannamnelson alli_kelly macsutton29 rayyanmusic wewyld signartboston itsbausten lawbrakrofficial papayapapi sultanshepard ,TheGrandBoston ,sultanshepard ,True
1710539370208423557,Be9Dn6Pl-6F,332,8,2018-02-08 23:23:24,Thursday,Party with us all weekend at #TheGrandBoston! ğŸ™ŒğŸ½ Tomorrow: @sultanshepard Saturday: @djshift Monday: @bonniexclydedj Tickets + VIP tables at TheGrandBoston.com,False,,filinholiveira alexandertechnique djshift djmuratozdemir djjoemoore cayla_conigliaro emmajanejetsaway brittany_griff bostontallboy jwolf615 ,TheGrandBoston ,sultanshepard djshift bonniexclydedj ,True
1709815020526185813,Be6e7PCFy1V,214,12,2018-02-07 23:24:33,Wednesday,Something BIG is coming... 2.14.18,True,1426.0,strongarmzzz ginelle.price zeke_beats liveit_happy 2lt6 rushforjohn16 ayeoo_romero katleon_ omgoshjenn mandyjonesmusic ,,,True
1708894417304594278,Be3NmseFqdm,380,21,2018-02-06 16:58:40,Tuesday,I ğŸ’› Mondayâ€™s // @richforever,True,2665.0,juano_mpg mikey_mitton24 rafficho617 b_o_o_r_a sarahgeiselman marisafroio miwayfilms parigol attimothymo msedwards30 ,,richforever ,True
1707427882509778323,BeyAJzgl72T,284,17,2018-02-04 16:22:21,Sunday,@cheatcodesmusic x #TheGrandBoston ğŸ’¥,True,2160.0,joshallen59 shengadj scevix_god jake_hadden lilway.13 djchrisherrera jdepietto18 joecody_781 austinfrom_boston_ alyssarotman ,TheGrandBoston ,cheatcodesmusic ,True
1706687700328113207,BevX2vIleQ3,340,19,2018-02-03 15:51:52,Saturday,Epic night with @r3hab... ğŸ”¥ #TheGrandBoston,True,2086.0,annafuurman hams_stuting jbear313 philcarlsen jphu007 kjwesson kazuya43511 athanthebarber luzbarmar dollmeupbrii ,TheGrandBoston ,r3hab... ,True
1705525913352376155,BerPsgsl49b,370,9,2018-02-02 01:22:34,Friday,Weâ€™re gearing up for an epic weekend at #TheGrandBoston ğŸ”¥ Tomorrow: @r3hab Saturday: @cheatcodesmusic Monday: @richforever,False,,theswagchamp hensonkara mitchell_mcpike alyshadagreat kingchuckofficial kev16sco a.wein rocababylili jaredsinger nike978 ,TheGrandBoston ,r3hab cheatcodesmusic richforever ,True
1703774711774090640,BelBhLIlpWQ,266,17,2018-01-30 15:25:02,Tuesday,#iLoveMondays last night with @borgeousmusic ğŸ¥ #TheGrandBoston,True,1383.0,its_cvmo bgears22 ilmadik drisanasharma sugarshakemusic pozeidonfans kriistennmarie thiagomasiero_ couttsyofficial bogiesbar ,iLoveMondays TheGrandBoston ,borgeousmusic ,True
1701650233405398891,Beded8eFt9r,245,12,2018-01-27 17:03:17,Saturday,This is how we do Fridays â¬†ï¸ @breathecarolina x #TheGrandBoston ğŸ’¥,True,2213.0,colbyweron despinaviris jphu007 amattos21 clubkillers gvbrandao brianax3 keeks_03 paris_lebron themajandra ,TheGrandBoston ,breathecarolina ,True
1701103792710721452,BebiOL6l5-s,352,8,2018-01-26 22:56:36,Friday,Weekend Vibes ğŸ¾âœ¨ #TheGrandBoston Tonight: @breathecarolina Tomorrow: @djcosta Monday: @borgeousmusic Tickets + tables at TheGrandBoston.com,False,,hlawells de.valia stefankitabjian ashley_jgriff hanhxx dave_osei nicholas.minaj kay_sasala lup1res adrianoduim ,TheGrandBoston ,breathecarolina djcosta borgeousmusic ,True
1700382003852305847,BeY-GxqFWW3,378,13,2018-01-25 23:02:32,Thursday,Bring on the weekend at #TheGrandBoston ğŸ™ŒğŸ½ Kicking it off with @breathecarolina tomorrow! Tickets + VIP tables at TheGrandBoston.com,False,,galaxi_aka_the1ne joel.kebede fvckdivmonds tdeitrich7 jakeeastman4 ryannicholsofficial sea_glam rsemidei str8uplilshorty dj.dlion ,TheGrandBoston ,breathecarolina ,True
1698731059418850655,BeTGuX1lWVf,494,32,2018-01-23 16:23:05,Tuesday,Thank you for an epic night @steveangello!ğŸ”¥ğŸ”¥ğŸ”¥ #TheGrandBoston #iLoveMondays,True,3956.0,mrlecontewillseeyounow crystalbouchard94 mariemjasmine craigpenalope genell.gorman brianax3 blazekdavid djjoemoore casey__patricia josephfarrix ,TheGrandBoston iLoveMondays ,steveangello!ğŸ”¥ğŸ”¥ğŸ”¥ ,True
1697343484452081547,BeOLOf8lw-L,264,10,2018-01-21 18:26:22,Sunday,ğŸ’¥ @djvice x #TheGrandBoston ğŸ’¥,True,2163.0,andrewpachecolv mark_shooter rayray_all_day heatherdoyle eddymerc britt_bod alexandertechnique bawston_bri tiagohenrique7548 gustavomunizlima ,TheGrandBoston ,djvice ,True
1696720218863437756,BeL9gyolAe8,338,9,2018-01-20 21:47:13,Saturday,Weâ€™re getting ready to party with @djvice tonight at #TheGrandBoston! ğŸ’¥ General admission available at the door starting at 10pm,False,,kelsey__liz wingnut9944 inakiuribe burna_8six sm8928 4lex4well djserafin filipeesantoss niccolc sarahgeiselman ,TheGrandBoston ,djvice ,True
1695986452188866816,BeJWrFKl6kA,334,7,2018-01-19 21:29:21,Friday,Gearing up for some ğŸ”¥ nights at #TheGrandBoston: Tonight: @staffordbrothers Tomorrow: @djvice Monday: @steveangello â¡ï¸ Tickets + tables at TheGrandBoston.com,False,,alexis.clough patioportals johannajobin kbeaudin hawa11anry4n msedwards30 itsbausten kianasophiax3 centerpiece_sd _dnt7 ,TheGrandBoston ,staffordbrothers djvice steveangello ,True
1695192575584299733,BeGiKp9lOrV,503,36,2018-01-18 19:12:04,Thursday,We can't wait to party with @r3hab when he returns to #TheGrandBoston on Friday  February 2nd! ğŸ”¥ Tickets + VIP tables: bit.ly/grandfeb2,False,,heatherdoyle tiantian_ themajandra jonnygoldstein pella_gia erikwessel somnium_madness_returns nvconcepts djphaze1 sam_inthecity ,TheGrandBoston ,r3hab February ,True
1694614419584581432,BeEetYOl_84,241,4,2018-01-18 00:03:22,Thursday,We canâ€™t wait to party with @djvice this Saturday at #TheGrandBoston!  General admission available at the door starting at 10pm | VIP tickets + tables at TheGrandBoston.com,False,,samalwaysam meganphu theoddsin freddiealva abigailkulewicz djsisko bgears22 maria1mk jenniebeaton ekkomusicofficial ,TheGrandBoston ,djvice General ,True
1693636379664515530,BeBAVBklQHK,215,11,2018-01-16 15:42:36,Tuesday,i ğŸ’› Mondays with @hooknsling ğŸ”¥ #TheGrandBoston,True,1362.0,amitemusic sir_j_401 t_rowean benrodenburg ayacobian thegorgeousnightmare dj_zeoh gunslingerpics youngliomusic sarahbentleyy ,TheGrandBoston ,hooknsling ,True
1692951783763503112,Bd-kq19FmgI,712,117,2018-01-15 17:00:01,Monday,Just Announced: @RichForever is taking over #iLoveMondays at #TheGrandBoston on Monday  Feb 5th! Get ready for an epic night!  Tickets + tables on sale NOW: bit.ly/grandrickross,False,,derricklombardi abceez888 adrianoduim djm_azingtbe on__lulu shelbyleigh__ dominique_who mr_ossieace juliaguliam 617promotions ,iLoveMondays TheGrandBoston ,RichForever Feb Tickets ,True
1690902317124512693,Bd3SrLaF2u1,263,8,2018-01-12 21:08:05,Friday,Spend your 3 day weekend at #TheGrandBoston! Tonight: @tydi Saturday: @djikon Monday: @hooknsling Tickets + VIP tables at TheGrandBoston.com,False,,lo_mcf trammiiiboo mgadreau shrinefoxwoods dave_osei rosner90 tara_bankz jessicabruns_ leila_vivid_sounds didixpham ,TheGrandBoston ,tydi djikon hooknsling ,True
1690143208859235052,Bd0mEsvl_Ls,227,6,2018-01-11 19:59:52,Thursday,Weâ€™re kicking off the weekend with @tydi tomorrow at #TheGrandBoston ğŸ™ŒğŸ½ğŸ’¨ Buy one ticket &amp; bring one friend for free! Grab yours now â¡ï¸ bit.ly/tydigrandbneg,False,,macsutton29 erdgvnkya edmeducation adriemariee_ djeds bee.phan signartboston mariedaiuto shivvv97 jaredsinger ,TheGrandBoston ,tydi ,True
1687952392354795762,Bdsz8H4FBDy,313,7,2018-01-08 19:27:07,Monday,#iLoveMondays vibes ğŸ™ŒğŸ½âœ¨ Donâ€™t miss @laidbackluke tonight at #TheGrandBoston Ticket link in bio | For VIP tables: 617.658.8008,False,,joaniegallagher tony_teeeee willyamccallme sir_j_401 chelsea_scola djbuono dj_rjc ezveedub abigailkulewicz austinfrom_boston_ ,iLoveMondays TheGrandBoston ,laidbackluke ,True
1687307520841244189,BdqhUAell4d,298,15,2018-01-07 22:05:52,Sunday,We canâ€™t wait to party with @laidbackluke tomorrow at #TheGrandBoston #iLoveMondays ğŸ™ŒğŸ½ğŸ‰ Ticket link in bio,False,,wbop kpapugaaa llewknows ckk_13 corydurks alancferreira dmlavache19 ayeoo_romero senadabosschick_ willyamccallme ,TheGrandBoston iLoveMondays ,laidbackluke ,True
1686420063224593203,BdnXhzKl_sz,234,25,2018-01-06 16:43:49,Saturday,Nothing but ğŸ”¥ last night with @loudluxury at #TheGrandBoston,True,2369.0,djsoluna parigol dante_anthonyy jake_hadden sir_j_401 sabsscoree amandalohmann adriemariee_ wesley.epifanio rmanley7 ,TheGrandBoston ,loudluxury ,True
1685787050853755290,BdlHmQdF2ma,221,5,2018-01-05 19:44:58,Friday,Gearing up for the first party of 2018 with @loudluxury TONIGHT at #TheGrandBoston ğŸ™ŒğŸ½ğŸ”¥ Tickets + VIP tables at TheGrandBoston.com,False,,pbohenko23 scorpionboston dj_zeoh b_pettis brittany_irwin fvckdivmonds thebedfordavenue cameron_massie juliamarie92 iamexstrax ,TheGrandBoston ,loudluxury ,True
1683017597598375351,BdbR5aHlR23,512,28,2018-01-02 00:04:14,Tuesday,A Grand entrance into 2018....ğŸ™ŒğŸ½ğŸ‰ #HappyNewYear #TheGrandBoston,True,5876.0,rpgagnon1985 jamiieedouard ash_jabbal jakehaleymusic lmiskyyy starnez3x t_maniscalco charlesfiorello__am_a_boss la_negrisss83 themajandra ,HappyNewYear TheGrandBoston ,,True
1681446693151975821,BdVstvWFCmN,320,5,2017-12-30 20:01:27,Saturday,Itâ€™s the last Saturday of 2017...make it Grand! â™ ï¸ğŸ¥‚ Weâ€™re partying with @djpolitik tonight at #TheGrandBoston Doors open at 10pm | Ladies free before 11pm,False,,snapshotpeck chicharronandcaviar mogantas tdrms1 pamelavargasb bibbski92 pietertje.s grecia_urbina08 winfieldagonoy ,TheGrandBoston ,djpolitik ,True
1680703716649798673,BdTDyAjlwwR,275,4,2017-12-29 19:25:17,Friday,Party is on with @iamtjr TONIGHT at #TheGrandBoston ğŸ’¥ Tickets + tables at TheGrandBoston.com,False,,dj_sk_one scissorswswag corydurks signartboston resismusic amaromarc_ kianasophiax3 sancori_ lucaruiz ,TheGrandBoston ,iamtjr ,True
1679958499751544836,BdQaVrPFsgE,530,13,2017-12-28 18:44:40,Thursday,Make the final days of 2017 Grand... ğŸ™ŒğŸ½ğŸ“Party with us all weekend: Tomorrow: @iamtjr Saturday: @djpolitik Sunday: @djcosta  Tickets and tables at TheGrandBoston.com,False,,acentertainment_ rubenma19 barnzyny kristinagiacalone tiagohenrique7548 tito_pin jcaesaar _annie_6 rafael_c24 iam_kg20 ,,iamtjr djpolitik djcosta Tickets ,True
1678725957559823055,BdMCF03lKrP,313,14,2017-12-27 01:55:50,Wednesday,Canâ€™t wait to kick off New Yearâ€™s weekend with @iamTJR this Friday at #TheGrandBoston ğŸ™ŒğŸ½ Tickets + tables at TheGrandBoston.com,False,,hensonkara ginelle.price lootcreative jonx508 kbren_9 digicaliclothing krutovodkausa vinny_scig trinitydentalboston daddynightlife ,TheGrandBoston ,iamTJR ,True
1677225895252157403,BdGtBC-l2Pb,266,2,2017-12-25 00:15:29,Monday,âœ¨ Happy Holidays from #TheGrandBoston! âœ¨ Weâ€™ll see you next weekend as we celebrate the final days of 2017: Dec 29: @iamtjr Dec 30: Eve of the Eve with @djpolitik Dec 31: NYE with @djcosta Tickets + tables at TheGrandBoston.com,False,,randirichards amandalohmann ember.flynne gina_butler iambrettp farecupero bostontamcam guigabarreto lisadesimone92 overdrivesd ,TheGrandBoston ,iamtjr djpolitik djcosta ,True
1676456301243542499,BdD-B-tFivj,413,6,2017-12-23 22:46:26,Saturday,Weâ€™re ready to party with @jasonsmithmusic tonight at #TheGrandBoston! ğŸŠğŸ¥‚ Doors open at 10pm | Ladies free before 11pm,False,,bturgut91 wojo1077 zeke_beats alyshadagreat alexreissis const_dmitriev mithilvyas26 paivalho nicholas.minaj connorcordone ,TheGrandBoston ,jasonsmithmusic ,True
1675723733846051889,BdBXduJlcwx,281,8,2017-12-22 22:30:57,Friday,Party is on with @cidmusic tonight at #TheGrandBoston ğŸ™ŒğŸ½ğŸ’¨ Doors open at 10pm  Ladies free before 11pm.,False,,charitypokeronlinecom finkshotit juliarussoa jensgiggles kelsieewalsh karmabombshell kmagoo_ nandalr pnort12 jamestambone ,TheGrandBoston ,cidmusic Ladies ,True
1674355187018808960,Bc8gSvmFr6A,379,5,2017-12-21 01:11:54,Thursday,Make this holiday an unforgettable one! Party with us all weekend at #TheGrandBoston ğŸ…ğŸ½ğŸ”¥ â¡ï¸ Friday: @cidmusic â¡ï¸ Saturday: @jasonsmithmusic  Tickets + tables at TheGrandBoston.com,False,,jimmydepaul cosmicafrikan _thuyttn danni_dst c_harris808 farecupero uniformsbyclassact misteremidj ginelle.price julia_scapa ,TheGrandBoston ,cidmusic jasonsmithmusic Tickets ,True
1673378151299213647,Bc5CJALFulP,319,13,2017-12-19 16:51:08,Tuesday,Thank you @krewella for a WILD night ğŸ”¥ğŸ”¥ğŸ”¥ #iLoveMondays #TheGrandBoston,True,3063.0,mikey_24boston iampratikpai shivvv97 _alexxandraah dmurr2015 c_zebrowski wchase529 lundonmusic cameron_massie guysfoxwoods ,iLoveMondays TheGrandBoston ,krewella ,True
1671194649182924565,BcxRq3XFO8V,270,9,2017-12-16 16:32:28,Saturday,@djcosta is taking over #TheGrandBoston TONIGHT! Get ready for an epic night ğŸ’¥ Doors open at 10pm | Ladies free before 11pm,False,,vanessap42 bee.phan aimeechicoine anthony.parise dogbuggy chachiofficial nicstahh scorpionboston chelseyfin ,TheGrandBoston ,djcosta ,True
1670492336424468980,Bcux-3ol8H0,448,15,2017-12-15 17:18:15,Friday,The legend @djjazzyjeff ğŸ”¥ğŸ”¥ğŸ”¥ #TheGrandBoston,True,4048.0,mattyal4w maycon_dionatan deejaymot rob.mcneill.69 jswagchamp _stylz_3 internationalcream generalguyble dana_qh81 edees5602 ,TheGrandBoston ,djjazzyjeff ,True
1668254563864797953,Bcm1K_iFeMB,235,5,2017-12-12 15:12:29,Tuesday,I ğŸ’› Mondays with @MorganPage ğŸ”¥ #TheGrandBoston,True,1658.0,norcalafterdark makadiofficial bignightent king.chris.c adnan_elhady b.roy617 briannamnelson kristinagiacalone vanessap42 garvisofficial ,TheGrandBoston ,MorganPage ,True
1666907721067398702,BciC72blAYu,185,18,2017-12-10 18:36:26,Sunday,Nothing but ğŸ”¥ last night... @djscene #TheGrandBoston,True,1514.0,ghardy121291 jackietadioto rscamley linda_erfolg jessejessdj michaylaanja davepalmacci djnandocruz davereplay hanhxx ,TheGrandBoston ,djscene ,True
1666106843246951322,BcfM1i1lPua,277,13,2017-12-09 16:04:28,Saturday,Last night was one for the ğŸ“š  @dzeko | #TheGrandBoston,True,1848.0,ultrapalmbeach kncorreia korea_chunja whiskeyformayor paulpic11 davepalmacci djskylermadison cosmicafrikan scorpionboston brookekristina ,TheGrandBoston ,@dzeko ,True
1665589647370543760,BcdXPWpFuKQ,317,5,2017-12-08 22:56:20,Friday,Walking into the weekend likeâ€¦ â¬†ï¸ğŸ˜ˆ Party is on with @Dzeko tonight! Tickets + VIP tables at TheGrandBoston.com,False,,styledbystiles lumberjack omgitscandy luiz_dacunha gicolacique robert__zarzycki amy_greensmith girlslovedjs raffyket korea_chunja ,,Dzeko ,True
1664874694279886681,Bca0rasFvdZ,395,17,2017-12-07 23:15:51,Thursday,All of the lights. ğŸ™ŒğŸ½âœ¨ Get ready to party with us all weekend: @dzeko tomorrow // @djscene on Saturday Tickets + VIP tables at TheGrandBoston.com,False,,c_harris808 afewplacesonearth demicapobianco kevink2307 ifixbigdumbthings charter114 psytrance_world ryan_graham themajandra ,,dzeko djscene ,True
1663428740599068379,BcVr6BYlTbb,233,13,2017-12-05 23:29:08,Tuesday,#TheGrandBoston x #iLoveMondays = HAPPY.ğŸ˜ƒ // Last night with @princefox,True,1955.0,fashionismypriority baby_raptors dannyqparker christineabusby hensonkara felixofficialmusic djjohnchristian davepalmacci kristinagiacalone jameomusic ,TheGrandBoston iLoveMondays ,princefox ,True
1662583110997644578,BcSrofclBUi,362,9,2017-12-04 19:22:53,Monday,No better way to start the week â™ ï¸ See you tonight for #iLoveMondays with @princefox! ğŸ¥‚  Tickets + VIP tables at TheGrandBoston.com,False,,llewknows adrianaambari farecupero b_o_o_r_a louisaalvarez tax_free_corners mikewendt loudluxury lennytravisss cstrouss ,iLoveMondays ,princefox! Tickets ,True
1661804388472433847,BcP6kllFay3,372,11,2017-12-03 17:36:39,Sunday,âª to Friday | Epic night with @djtommytrash ğŸ’¥ #TheGrandBoston,True,3591.0,abfierce ricc_oh kravers.co bostonbeautymagic semochka_1 david_allen_donnelly djschoenyofficial andressasouza perrisvibe ayacobian ,TheGrandBoston ,djtommytrash ,True
1661205373871700769,BcNyXxwl7sh,310,12,2017-12-02 21:45:34,Saturday,Crank your Saturday up a notch ğŸ’¨ Weâ€™re partying w/ @clintonsparks tonight at #TheGrandBoston Doors open at 10pm | Ladies free before 11pm,False,,amykathrne tempoofficial risebeautystudioco marcrocheofficial catcoad pewpewfanatic zoebucuvalas b_o_o_r_a jonesyy253 dominique_who ,TheGrandBoston ,clintonsparks ,True
1659800371982704147,BcIy6TyFx4T,684,20,2017-11-30 23:14:04,Thursday,The weekend spot.ğŸ“#TheGrandBoston Tomorrow: @djtommytrash | Saturday: @clintonsparks Tickets + VIP Tables at TheGrandBoston.com,False,,stan0527 k_lash47 caseone realestatebymolli ginaaa.marieee.xo tcovel11 dj__rc c_harris808 silzazsyh moreno_marcus_ ,,djtommytrash clintonsparks ,True
1658182662484374210,BcDDFiaF7LC,288,12,2017-11-28 17:40:21,Tuesday,On Mondays  we party. @kapslap ğŸ”¥ğŸ¾ #iLoveMondays #TheGrandBoston,True,3714.0,_heleniii_ evvabby_ adriemariee_ thehoopsforum stephanieemerson_ taraxo21 tigerastronaut parigol jnich69 drippymusic ,iLoveMondays TheGrandBoston ,we kapslap ,True
1657449541916832680,BcAcZOrFjOo,365,6,2017-11-27 17:23:24,Monday,Gearing up for #iLoveMondays with @kapslap TONIGHT at #TheGrandBoston ğŸ™ŒğŸ½ Limited number of free tickets released at TheGrandBoston.com,False,,thekc13 omgitscandy tjantonetti12 stephyraps ashley_jgriff mattaykay kfit13x dan_mateus bturgut91 ,iLoveMondays TheGrandBoston ,kapslap ,True
1656669960372777112,Bb9rI0yFHCY,263,16,2017-11-26 15:35:08,Sunday,About last night...ğŸ¥ @vinnyvinsane x #TheGrandBoston,True,2580.0,kelsieewalsh djdiskino andrewpachecolv deesseloja brennaspols amylynns946 kerin166 alexandertechnique ayeoo_romero ,TheGrandBoston ,vinnyvinsane ,True
1656161673432978478,Bb73kRrltQu,388,6,2017-11-25 22:44:38,Saturday,Weâ€™re ready to party with @vinnyvinsane tonight at #TheGrandBoston ğŸ’ƒğŸ½ Doors open at 10pm. #LetsGo . . ğŸ“¸ @dan_mateus,False,,officialfyve pilottoandrea leitvox robert__zarzycki nightridevisuals trinitusproductions _theexpeditioner dominique_who _alishamarierose brittneyjean23 ,TheGrandBoston LetsGo ,vinnyvinsane dan_mateus ,True
1655279038561148038,Bb4u4P5llyG,255,6,2017-11-24 17:30:59,Friday,Dance off your Thanksgiving dinner all weekend at #TheGrandBoston ğŸ™ŒğŸ½ @brklynmusic tonight | @vinnyvinsane tomorrow. Tickets + VIP reservations at TheGrandBoston.com,False,,pbohenko23 ozziness mvrkk_music saraherahhhhh jlynnryan25 lizzzie143 peterpomo wingland7 justine.n.alvarez ,TheGrandBoston ,brklynmusic vinnyvinsane ,True
1654036767664691279,Bb0Ua0-FthP,360,4,2017-11-23 00:22:49,Thursday,Looking forward to another epic weekend at #TheGrandBoston âœ¨ Friday: @brklynmusic | Saturday: @vinnyvinsane Tickets + VIP reservations at TheGrandBoston.com,False,,moontseeg kravers.co martyg84 hannahwalsh_fit fiestas_celebrity strongarmzzz tjmatheson ayacobian cegoar jdimarzio ,TheGrandBoston ,brklynmusic vinnyvinsane ,True
1653164105220299177,BbxN_6vFRmp,355,11,2017-11-21 19:33:50,Tuesday,I ğŸ’› Mondays with @NervoMusic was locoğŸ”¥ #iLoveMondays #TheGrandBoston,True,2800.0,sgt.dnasty yung_hawaii_5.0 brookekristina pewpewfanatic raissaeu franconianotchvacations _bthurman alainakathryn cristina_lachica1 kennychea ,iLoveMondays TheGrandBoston ,NervoMusic ,True
1651848872811920590,Bbsi8xGlXzO,435,8,2017-11-19 23:55:52,Sunday,We canâ€™t wait to party with @NervoMusic tomorrow at #TheGrandBoston #iLoveMondays ğŸ™ŒğŸ½ğŸ¥‚ Tickets &amp; VIP reservations at TheGrandBoston.com,False,,fcruz83 _dovi cstrouss olivia_mary__ jonchenmusic buddhafit mrsouthshore barnzyny thetommyward hven12 ,TheGrandBoston iLoveMondays ,NervoMusic ,True
1650877117712702197,BbpF_3pFhr1,244,11,2017-11-18 15:45:40,Saturday,Taco Time with @DJvice last night... ğŸ™ŒğŸ½ğŸŒ® #TheGrandBoston,True,2960.0,tempoofficial cayla_conigliaro ms_klala ember.flynne rouvalisflowers wingnut9944 bee.phan tigerastronaut picturethisish toriajoyce ,TheGrandBoston ,DJvice ,True
1650178621393225333,BbmnLaQFkZ1,466,10,2017-11-17 16:37:22,Friday,âœ¨ A Grand entrance into the weekend... âœ¨ #TheGrandBoston | Tonight: @djvice | Tomorrow: @mightymi | Monday: @nervomusic Tickets + VIP reservations at www.TheGrandBoston.com,False,,hensonkara cindy__valencia m.tambone alishacusano damnphoreal elisabethbraese stuart_litt carlitacj_jj b_o_o_r_a twanumbz ,TheGrandBoston ,djvice mightymi nervomusic ,True
1649370273894809861,BbjvYZ-lsEF,416,20,2017-11-16 13:51:48,Thursday,Thank you for an epic night! #repost @tiesto | @thegrandboston ğŸ˜ğŸ™ŒğŸ½ğŸ’ƒğŸ¼ | ğŸ“½ @splfilms,True,2796.0,andrew_germain34 edmradar 21.laz c__nguyennn brennaspols constantinepaco franfrankiefrancesca scorpionfoxwoods msedwards30 juliakurker ,repost ,tiesto thegrandboston splfilms ,True
1648734605933866644,Bbhe2ODlO6U,747,13,2017-11-15 16:48:22,Wednesday,Kicked off #iLoveMondays with @TIESTO. ğŸ‘ğŸ»ğŸ”¥ #TheGrandBoston,False,,ladytamy_ofc 001breeze bostonqueenofthescene centeno.arturo dj_joey_man jrm121389 immsyfllh kravers.co andreduque00 itsbelmma ,iLoveMondays TheGrandBoston ,TIESTO. ,True
1648061327221259856,BbfFwuZFP5Q,530,29,2017-11-14 18:31:26,Tuesday,@Tiesto x #iLoveMondays ğŸ’¥ #TheGrandBoston,True,5376.0,calinovas tayhiggins_ revelartpro dfleming95 robcalabrese kylestorey3 djzackcola vaporize_thai sophanvick scorpionboston ,iLoveMondays TheGrandBoston ,Tiesto ,True
1646756552353769856,BbadFwGl-mA,438,11,2017-11-12 23:18:20,Sunday,Tomorrow: Weâ€™re kicking off #iLoveMondays with @TIESTO | Ticket link in bio. #TheGrandBoston,False,,thechristianjames chelseyfin saraboteroh jessejames748 casimir_berlin djerock teddyyrose martin_kid manuela_l.g jonx508 ,iLoveMondays TheGrandBoston ,TIESTO ,True
1645825658709202518,BbXJbd1ldZW,345,10,2017-11-11 16:29:17,Saturday,Last night we celebrated @dannicâ€™s birthday at #TheGrandBoston ğŸ‚ğŸ”¥,True,2500.0,hanhxx kamcwade andrewcplatt anubis72213 northender2 nick_sadler c_harris808 ultradani djdray12711 erathbone ,TheGrandBoston ,dannicâ€™s ,True
1643949703128595054,BbQe4uDlrpu,503,13,2017-11-09 02:21:37,Thursday,This weekend at #TheGrandBoston â€” Friday with @dannic | Saturday with @primadante Tickets + tables at TheGrandBoston.com,False,,zoebucuvalas zacharyg0018 blackjack_king617 themdhprojekt brittanyoldenburg d3r3k_a picturethisish stsiakalos kayotoku david_lappin ,TheGrandBoston ,dannic primadante ,True
1640751248088337615,BbFHpErFYzP,317,26,2017-11-04 16:27:38,Saturday,Last night | @shaunfrank x #TheGrandBoston,True,3003.0,iamlione_ antrobison jonsalta mawayyofficial whosruss yvvnnee warrenmanegan jakemoskow hven12 _goldenroseee ,TheGrandBoston ,shaunfrank ,True
1640144327023070672,BbC9pNYlQ3Q,337,8,2017-11-03 20:21:01,Friday,Treat yourself to a Grand Friday nightâ€” Tickets available online at TheGrandBoston.com or at the door tonight starting at 10pm. #TheGrandBoston,False,,caitlinrizza eliasr_ popamy _alishamarierose kev16sco amezy197 scooterlll parigol ttam_nork ibiscuit_xd ,TheGrandBoston ,,True
1639468570324147538,BbAj_p6lp1S,413,33,2017-11-02 21:59:07,Thursday,#TheGrandBoston presents #iLoveMondays  Tickets + tables on sale NOW at TheGrandBoston.com,True,3221.0,hven12 kevink2307 dcaro92789 thatgirlgm juanpablodzo tcrlovesjr eliselebranti pbohenko23 aleycaat angela1stef ,TheGrandBoston iLoveMondays ,Tickets ,True
1639438879894730188,BbAdPmjFvXM,618,66,2017-11-02 20:59:25,Thursday,Just announced | @TIESTO x #TheGrandBoston #iLoveMondays on November 13th! Tickets + tables on sale NOW at bit.ly/thegrandtiesto,False,,therealdjjd superfriendsduo patterellii chubbycheekluna dancafferty aycheung restaurantdynasty c1riddel pamelavargasb sassyleggings ,TheGrandBoston iLoveMondays ,TIESTO ,True
1637763614386764105,Ba6gVR9lTlJ,1059,25,2017-10-31 13:30:58,Tuesday,#repost @steveaoki | Opened the best new club in Boston @thegrandboston! This place is lit lit lit!! @officialbelaire,False,,kevinvonbargen mikesfoodpics maria.vicencia regisbostonstrong john_morrison karlisanti warrenre nicktrybach _leonordias blackjack_king617 ,repost ,steveaoki thegrandboston! officialbelaire ,True
1637213000913381905,Ba4jIzNF-oR,692,43,2017-10-30 19:17:35,Monday,ğŸ‚ #TheGrandBoston x @steveaoki ğŸ‚,True,6096.0,leandrahel nikkialliegro_wbffpro jenatangpr watchdogprotection ayobreakz davecampo_ daniomegaa julianna6390 kravers.co martyg84 ,TheGrandBoston ,steveaoki ,True
1635669695868044874,BazEOwYFgZK,550,39,2017-10-28 16:11:45,Saturday,Grand opening week  night 2 | @R3HAB x #TheGrandBoston âš¡ï¸,True,5450.0,__natuliak__ thekelvintran brennaspols emily_dahl carlitacj_jj dro_is_a_ghost grand_bibiana georgepaone ceejaro calimasss_ ,TheGrandBoston ,night R3HAB ,True
1634197657190065029,Bat1hxhluOF,876,123,2017-10-26 15:26:57,Thursday,Grand Opening Night | @Hardwell x #TheGrandBoston,True,6669.0,ggbattista danielpalazzo suzette.26 misheyb jjfrank3 komacoast sandooo_93 denxses c_fokas gloriaeaz ,TheGrandBoston ,Hardwell ,True
1633670916965013905,Bar9wsdlhmR,446,42,2017-10-25 21:59:31,Wednesday,Announcing #TheGrandBoston Friday lineup Tickets &amp; tables on sale now at TheGrandBoston.com,False,,guysfoxwoods erikaxo01 ar721 rjho51 patkornecki chelseyhcamerato noorlindmusic overeasyofficial louisphilippeofficial ,TheGrandBoston ,,True
1632996242245454787,BapkW4qlovD,347,19,2017-10-24 23:43:40,Tuesday,10.25.17 | #TheGrandBoston,True,3145.0,juliec1228 djbuono djskylermadison erinmmclark signaturedj drummertimmyj leite__quente shaycarlo drizzzyydrake ashleydefuria ,TheGrandBoston ,,True
1627163756818970850,BaU2NDUlbji,301,18,2017-10-16 22:32:21,Monday,9 days | GRAND opening night with @Hardwell Tickets at www.theGrandBoston.com,True,3372.0,dj_giode ultradani omgitscandy amonsef srphysique danzemel edmhousenetwork charles_grillo michaylaanja maycon_dionatan ,,Hardwell ,True
1618513610040383045,BZ2HY2Wl5ZF,677,102,2017-10-05 00:04:39,Thursday,GRAND opening week: @Hardwell 10.25 | @R3HAB 10.27 | @SteveAoki 10.29 Tickets at TheGrandBoston.com For VIP tables: 617.658.8008,False,,dj_joey_man boston_mouthful mdipalma617 elito124 jared.comerford longhaolonghao harsh_thale delrossoce anjalibeauty stellchik08 ,,Hardwell R3HAB SteveAoki ,True
1618450731776836482,BZ15F2aB4OC,369,36,2017-10-04 21:59:43,Wednesday,Announcing GRAND opening week. Tickets &amp; tables on sale NOW at TheGrandBoston.com,True,3423.0,zoverwhelming chrisdemarco_ 420smokeymcpot bougiebartenders explorateurbos kelly_chisholm smooth_operators denxses craigdamaschi ,,,True
1618271737262393239,BZ1QZIxlEeX,264,14,2017-10-04 16:04:05,Wednesday,Something GRAND is coming...,True,1458.0,niicollemaris ak_foley mike.ianniello shaycarlo imstacers aeronkellan sessssooooo nailthecocktail richard_marty7 cathy_oh_no ,,,True
1538829041859436316,BVbBNxKFh8c,222,12,2017-06-17 01:25:38,Saturday,Coming to the Boston Seaport Fall 2017: @thegrandboston x @scorpionboston ğŸ¦‚,False,,blushanddirtbeauty toriajoyce oliviamuenter caddy2489 drummertimmyj realestatebymolli felnemr nina_dicocco aimeechicoine brandiiiimarie ,,thegrandboston scorpionboston ,True
