,ID,SHORTCODE,LIKES,NUM_COMMENTS,DATE,WEEKDAY,CAPTION,IS_VIDEO,VIDEO_VIEW_COUNT,USERS_LIKED,TAGS,MENTIONS,HAS_COMMENTS
0,1757584191765593565,BhkMYKlB73d,212,2,2018-04-14 21:13:04,Saturday,Own the night. . Click the link in bio for guest list consideration and VIP Reservations.,False,,max_voroninn amiiivv desmo.moto shaylyn1111 eeelex.noble alexsd carlosmickey305 julio_bryan_ j_dubz89 karla_merced ,,,True
1,1756039014131176778,BhetC3xBBVK,73,1,2018-04-12 18:03:05,Thursday,@DJDecon x TONIGHT . . Click the link in our bio for guest list consideration or VIP Reservations.,False,,alexrey89 jetsd.city mamandmardj lexbogan djque ruccababy hlockmoney frederick_blanding arleneibarra alchemehealth ,,DJDecon ,True
2,1751094453600569202,BhNIyC7BMdy,107,4,2018-04-05 22:19:07,Thursday,The weekend callled and she's bringing champagne... . . Join us tonight for The Scooter &amp; Lavelle Show!,False,,lamar_prince arleneibarra marcoarango latinanatalina oh_hexxx_yeeah gringita76 djque angie_r89 blastedpanda cocktailwaitresses ,,,True
3,1750812091302137949,BhMIlIihdBd,52,2,2018-04-05 12:58:07,Thursday,TONIGHT  come party on a school night for The Scooter &amp; Lavelle Show at Oxford Social Club. @ScooterDj @LavelleDupree // Click the link in our bio for guest list!,False,,sagamorependrybaltimore sineadalice djsupajames mikedkot cinemazay dave_rukus rideplaytv reza_raccoon jvictoria04 asha_ish ,,come ScooterDj LavelleDupree ,True
4,1750417988735399460,BhKu-L7BvYk,103,4,2018-04-04 23:55:06,Wednesday,@ScooterDJ &amp; @LavelleDupree are comin' in HOT tomorrow night for the return of the Scooter and Lavelle show at Oxford Social Club!,False,,kaaybiie djsupajames rico1588_toscano alexshawphoto jrios_photography esdans4grams nfluenceconsulting 33jazzygirl marcoarango djque ,,ScooterDJ LavelleDupree ,True
5,1748223538957269142,BhC8AvThjiW,173,2,2018-04-01 23:15:07,Sunday,Be Sophisticated  or don‚Äôt.,False,,seant2187 monzerack devinedevaughn latinanatalina soulyraw princecharles858 vmillz25 karenne_ brittany.mai ,,or ,True
6,1747411164046281637,BhADTINh8ul,161,3,2018-03-31 20:21:05,Saturday,Weekend #Mood üê∞,False,,ruccababy bobskibinski easyonthecheeks anthony_afonsoo bdavidge kevinpfulmer beedoll __emz__98 djmistergray sd_latina_anel ,Mood ,,True
7,1746248555523632051,Bg7688phmuz,87,1,2018-03-30 05:51:11,Friday,Black @Bear x Oxford Social Club --- Join us tomorrow Friday  March 30th as singer/songwriter Black Bear joins us for a special performance at Oxford Social Club. --- Click the link in our bio for guest list consideration.,False,,bernadettemedina msdianasimpson helensunjoy izzzheee allouttuesdays esdans4grams alchemehealth djschoenyofficial djque madeinam_erika ,,Bear March ,True
8,1745893365016681649,Bg6qMPth9yx,202,1,2018-03-29 18:05:29,Thursday,We're celebrating the kick off to #BaseballSeason TONIGHT at Oxford Social Club! Click the link in our bio to join our guest list.,False,,djkaossd iannsolus iamjroc jrso671 slave2stylez wallytee endea modfnb theluxegen jerryapotter ,BaseballSeason ,,True
9,1745381792158166280,Bg4134XBa0I,106,3,2018-03-29 01:09:05,Thursday,The dynamic duo return for The Scooter &amp; Lavelle show next Thursday  April 5th. Click the link in our bio for guest list consideration!,False,,djschoenyofficial djmistergray christinaroa rico1588_toscano fergiedj shaneaxe44 fabiofelipe31 madeinam_erika djkerryglass oneminutetrader ,,April ,True
10,1742944230235961790,BgwLor6h_m-,97,3,2018-03-25 16:26:05,Sunday,Black @Bear x Oxford Social Club --- Join us on Friday  March 30th as singer/songwriter Black Bear joins us for a special performance at Oxford Social Club. --- Click the link in our bio for guest list consideration.,False,,certifr1ed djlito619_ theoryhairstudio djmasoud_song pendrysandiego chrisdolcesd brandond_lv msnichols86 33jazzygirl amarcus8432 ,,Bear March ,True
11,1742389597084028253,BguNhtih41d,180,8,2018-03-24 22:04:07,Saturday,Grab your girls and let's kick off the night at Oxford Social Club.,False,,priscillabermingham msnichols86 mas.porfavor helensunjoy sjmanak alan.campos619 randy_mendez1 kevinmansour julzvelez ,,,True
12,1741610445858756161,BgrcXkahVZB,88,3,2018-03-23 20:16:05,Friday,Black @Bear x Oxford Social Club --- Join us on Friday  March 30th as singer/songwriter Black Bear joins us for a special performance at Oxford Social Club. --- Click the link in our bio for guest list consideration.,False,,a.l.e.x_mi alchemehealth kevinmansour rideplaytv djque roadtrippingcat djkaossd colonelcopin chrisdolcesd djmistergray ,,Bear March ,True
13,1740807164367590284,BgoluSOldOM,210,4,2018-03-22 17:40:07,Thursday,There's always a reason to celebrate! Kick off the weekend at Oxford Social Club with @DjDynamiq.,False,,mariahsotoxx iamjroc clearconsole mulkylives craig_smoove krysss_dawn dearlittlelove djbangarang sardubb shvedig ,,DjDynamiq. ,True
14,1738718399004243728,BghKyv5FXcQ,191,12,2018-03-19 20:30:06,Monday,Black @Bear x Oxford Social Club --- Join us on Friday  March 30th as singer/songwriter Black Bear joins us for a special performance at Oxford Social Club. --- Click the link in our bio for guest list consideration.,False,,thecodyallen mrs.renteria2017 flamebroilerpacificbeach lexbogan ericaalexis dave_rukus bone_ified sillykrilly missashleywalker jmoaddab ,,Bear March ,True
15,1737283951272650074,BgcEoyVl-Va,93,2,2018-03-17 21:00:07,Saturday,Shining like a disco ball. #OxfordSocialClub welcomes @JesseMarco TONIGHT!,False,,charlesjourdaniv arichardson022 slave2stylez arleneibarra roorzh obeid.habibi agentbaz djque devbeck ,OxfordSocialClub ,JesseMarco ,True
16,1736550123436246064,BgZdyL6FAQw,195,4,2018-03-16 20:42:08,Friday,A little party never killed nobody‚ú®üíã @DJErock Returns to Oxford Social Club TONIGHT. Click the link in our bio for guest list consideration.,False,,bpm_nightlife bnikki26 d.cousar soulrisetribe tomomimata maggiemariscal randy_mendez1 darasteinrichter priscillabermingham lamar_prince ,,DJErock ,True
17,1735669145523021710,BgWVeRSgWeO,258,5,2018-03-15 15:31:47,Thursday,Kicking off the weekend‚ÄîTONIGHT at Oxford Social Club with beats by babe @djaylasimone!,False,,jmoaddab codenamekar thekarenstyle hellaclassic breskags k10sd we_came_saw_did rico1588_toscano donymark lacroixmusic ,,djaylasimone! ,True
18,1732873391247000097,BgMZysOAQIh,104,5,2018-03-11 18:57:07,Sunday,Last night‚Äôs shenanigans with @ericbellinger! For more photos üì∑ check out our Facebook page,False,,collsully saintclairmusic rubep_photography gabematix o_hash caseyfeldser ulzg djque a.l.e.x_mi jbladow ,,ericbellinger! ,True
19,1731476682855968143,BgHcN6KgG2P,274,7,2018-03-09 20:42:06,Friday,Weekends are our favorite! Come kick it off tonight at Oxford Social Club featuring sounds by @DJSchoenyOfficial. Click the link in our bio for guest list consideration.,False,,todostequierenchingar mcneelydc fabriciov22 money_aerial_media sangria_mami _lifethatsshinning_ pistol_pete22 djzee nadeemaladli nazd112 ,,DJSchoenyOfficial. ,True
20,1730876216002882757,BgFTr91BizF,159,1,2018-03-09 00:49:05,Friday,Time to Rendezvous üéâ . Tonight we welcome back @Craig_Smoove to Oxford Social Club. Click the link in our bio for guest list consideration.,False,,lavelledupree hlockmoney neverlandnomad dave_rukus djmkey760 dreiyya bdavidge david_omni_eg mar.sol.love fabiofelipe31 ,,Craig_Smoove ,True
21,1730735804654835503,BgEzwtkgFcv,225,3,2018-03-08 20:10:07,Thursday,Happy Internation Women's Day to all our Industry babes!üí™üèºüíã,False,,todd46742 villawolf420 karmamarv madeinam_erika katelynmarie73 bdavidge jorjetavlahova neverlandnomad jessicajohnson521 max_voroninn ,,,True
22,1730005086618301025,BgCNnXXgLJh,150,6,2018-03-07 19:58:19,Wednesday,Eric Bellinger ‚úñÔ∏è Oxford Social Club Join us this weekend on Saturday  March 10th for a special live performance by @ericbellinger at Oxford Social Club. Click the link in our bio for guest list consideration!,False,,_amourrasia breee_princess21 jbladow _chainsawh nicoleantoinette clairemorales_ arleneibarra djkerryglass djschoenyofficial alchemehealth ,,March ericbellinger ,True
23,1727234207812207334,Bf4XlxYjMLm,86,2,2018-03-04 00:13:04,Sunday,All dressed up  and ready to go! Meet us at Oxford Social Club tonight featuring sounds by Jerzy. Click the link in our bio for guest list consideration.,False,,b.rye__ brittny.iceman tylerjames_photo drinkmagicbullet slave2stylez jenstagram2 msnicky anthony_afonsoo brandond_lv djque ,,and ,True
24,1726460130000607007,Bf1nldPj5cf,127,5,2018-03-02 22:35:07,Friday,We're all smiles on #Fridays!,False,,ggalleriaphotog kioniyvonne lastcoast_ ooscarjr_ christianna.knutson omiezus v_rodd kevinmansour gabematix ,Fridays ,,True
25,1722245873620961696,BfmpX9JD0mg,190,10,2018-02-25 03:02:08,Sunday,Tonight  we're dancing like no one's watching with @DJSpider on deck! Click the link in our bio for guest list consideration.,False,,b.james.bon ivanduran16 randy_mendez1 xokarensita colonelcopin liltine420 robbyhobbs lets_do_brunch_ devinedevaughn alikitten ,,we're DJSpider ,True
26,1721382671596927252,BfjlGtnDDkU,124,4,2018-02-23 22:27:07,Friday,Friyay and we're ready to party! Join us for champagne &amp; chandeliers tonight at @TheOxfordSD with sounds by @DJEROCK!  Click the link in our bio for guest list consideration.,False,,rnelopez helensunjoy tatianna_almaz alexrey89 jbladow samleesd djkerryglass djque gabrielparent dreiyya ,,TheOxfordSD DJEROCK! Click ,True
27,1720762205018679991,BfhYBvFDmq3,235,1,2018-02-23 01:54:21,Friday,Your weekend awaits! Kick it off tonight with @djkaossd at Oxford Social Club @pendrysandiego,False,,nicotuxedo darrenjames15 ms.lizacevedo eddievaldez1977 pattyccaakkee cel_nuncio kimbellabella mikedunn34 marcus8060 alexfarrarii ,,djkaossd pendrysandiego ,True
28,1716991736905897233,BfT-uNAjpUR,166,7,2018-02-17 21:03:06,Saturday,Saturdays are for the girls! Join us tonight at Oxford Social Club featuring sounds by DJ @Stonerokk.,False,,djsd_ lastcoast_ iamchefsantiago buhoomusic ramone_russell jrso671 stevelivinfit javenrochell diamante_wildside amarroquin1208 ,,Stonerokk. ,True
29,1714777129268498319,BfMHLa7A0-P,159,0,2018-02-14 19:43:05,Wednesday,Relive Another Decade | Join us this Thursday  February 15 for our Ultimate #ThrowbackThursday party at Oxford Social Club. Click the link in our bio for guest list consideration. #RAD,False,,al3x_at_parq shanarogers p_mastermind buhoomusic dandalanny bryanbroo mas.porfavor sineadalice cannababekatie jessicapelligra ,ThrowbackThursday RAD ,February ,False
30,1712916668235968631,BfFgKJkDPB3,192,1,2018-02-12 06:06:40,Monday,In honor of @PendrySanDiego‚Äôs First Anniversary  we‚Äôre recapping our favorite moments from the Grand Opening Party! Swipe for moreüì∏,False,,nicoleantoinette og13_420_luieg modfnb robert0lopez whoiscodyclark ioslosangeles djnosignal scott_wellinger lifted666 ,,PendrySanDiego‚Äôs we‚Äôre ,True
31,1712159230427718452,BfCz7-ojOM0,292,0,2018-02-11 05:01:47,Sunday,Birthday Antics Round‚úåüèºüéàS/O to our friends  family and guests who have traveled near and far to help us celebrate this weekend. üíò #OxfordTurnsOne #Leggo üì∏:@litasop,False,,rico1588_toscano serramesaproductions silverimmersion jennaspittler jrso671 scott_wellinger limoguy jeanfrancolemes1 will_delosreyes ay_ehron ,OxfordTurnsOne Leggo ,family ,False
32,1710964017885654935,Be-kLWNjK-X,367,5,2018-02-09 13:27:06,Friday,Dressing well is a form of good manners- Tom Ford #flashbackfriday to our Grand Opening Party!,False,,louisloother xoxolovetori seancharsley brandond_lv mrs.renteria2017 miss_ariadna juan.perdomo alyssa_1413 lajollavacationrentals zoesflower ,flashbackfriday ,,True
33,1708433385758570568,Be1kxzYjrhI,184,6,2018-02-06 01:39:11,Tuesday,A look back at last Summer with the one and only @TreySongz at Oxford Social Club! #OxfordTurnsOne,False,,kiran_dayal thedreamteamgroup djkyleflesch chiefj1978 emilyghaderi djshowtime annalisamariayoung _pariscartel_ bone_ified latinanatalina ,OxfordTurnsOne ,TreySongz ,True
34,1706691391608593834,BevYsc6DB2q,231,5,2018-02-03 15:58:09,Saturday,FEB 9-10 | Save the date ‚úîÔ∏è This babeüëÜüèºwill be joining us next weekend to celebrate #OxfordTurnsOne at @pendrysandiegoüéàwith @ericdlux &amp; @djfive @saintclairmusic  Sign up for our guest list: TheOxfordSD.com,False,,diz_dez msnichols86 edithproy shvedig anthony_afonsoo omiezus brmartins bednightstories colonelcopin kayliekay22 ,OxfordTurnsOne ,pendrysandiegoüéàwith ericdlux djfive saintclairmusic Sign ,True
35,1706157137229375810,BetfOBvjelC,130,0,2018-02-02 22:16:41,Friday,#FlashbackFriday to when @PostMalone partied with us at Oxford Social Club! #OxfordTurnsOne,False,,sillykrilly iamjroc agentbaz ryanlabbe smontess redryderrr fabiofelipe31 slave2stylez mas.porfavor michaeljunior__ ,FlashbackFriday OxfordTurnsOne ,PostMalone ,False
36,1705467602325566713,BerCb-UjXT5,98,1,2018-02-01 23:27:10,Thursday,We‚Äôre kicking off our 1st Birthday Party üéâ next weekend starting with @ericdlux on Friday (2/09) and @djfive on Saturday (2/10). Click the link in our bio for guest list and VIP Reservations!,True,800.0,anthony_afonsoo smontess yasemanp tatianna_almaz shawnkstyles pascalekourie oh_hexxx_yeeah bradyspear djlito619_ dahaitianprince ,,ericdlux djfive ,True
37,1705364131656044047,Beqq6RwDQ4P,156,2,2018-02-01 20:01:08,Thursday,En route to a wild weekend at Oxford Social Club. It all kicks off TONIGHT! THU: @deejayal FRI: @djmrbest SAT: @devinlucien,False,,drmartyyy ancheeese miguel_t_diaz joannafravel davidkalisz justdealicious lastcoast_ lisa.remillard louisloother goofychampion ,,deejayal djmrbest devinlucien ,True
38,1701216791772243450,Beb76ifg6X6,141,3,2018-01-27 02:41:06,Saturday,Join us tonight for champagne &amp; chandeliers with sounds by @DJERock! Click the link in our bio for guest list consideration.,False,,mcneelydc smmurtha jvictoria04 v_rodd money_aerial_media chrisdolcesd iamjroc shawnkstyles glossyfotos rr_realestate_team ,,DJERock! ,True
39,1700436155529262924,BeZKayVjXdM,219,7,2018-01-26 00:50:07,Friday,Grab your gals  and let‚Äôs kick off the weekend with @DJShadowman at Oxford Social Club. Click the link in our bio for guest list consideration.,False,,tbagging rnolasco47 sd247 lets_do_brunch_ _sweet.dulce.soraya_ d.cousar jennaspittler shanniedara widdersworld bill_fn_jones ,,and DJShadowman ,True
40,1698956384089818818,BeT59RyjkbC,143,3,2018-01-23 23:50:05,Tuesday,Weekend Lineup at Oxford Social Club: THU: @djshadowman FRI: @djerock SAT: @djcobra  Click the link in our bio for guest list consideration.,False,,flablucchesi mar.sol.love caseyfeldser jonathanjttownsend jvictoria04 natg_24 33jazzygirl mike__agg djlito619_ blessmyeatingheart ,,djshadowman djerock djcobra Click ,True
41,1695194090708949332,BeGigtCDFlU,639,29,2018-01-18 19:15:04,Thursday,When life gives you lemons  add tequila! Meet us under #pendrysandiego TONIGHT for sounds by @CraigSmoove at Oxford Social Club!  Click the link in our bio for guest list consideration.,False,,kings10town thaddeusadventurous spincovictoria 4evrmysonangelo gturtle sam_kleiman _ifyouseekay__ ssgoldtravel beautytherapysd jenfalcione ,pendrysandiego ,add CraigSmoove Click ,True
42,1694589012704934995,BeEY7qOjrxT,213,1,2018-01-17 23:12:54,Wednesday,We can't promise it will all be good clean fun. #OxfordNights kicks off this weekend with @craig_smoove.,False,,joannafravel young_arias gingin_mermaid miketoddsmith kironc braids_and_beards iqgraphics mar.sol.love nikongraham doublebaz ,OxfordNights ,craig_smoove. ,True
43,1689228327925860657,BdxWDbejEkx,120,4,2018-01-10 13:42:10,Wednesday,This Friday  January 12 we welcome @6lack to Oxford Social Club for a special live performance! Click the link in our bio for guest list.,False,,shvedig ulzg flightdj patrickfranka_art sillykrilly oh_hexxx_yeeah rideplaytv athena_elle1 detikyoga emily_salmon_lv ,,January 6lack ,True
44,1687049327178794248,Bdpmmy5DcUI,101,3,2018-01-07 13:33:11,Sunday,We‚Äôre excited to welcome @ApexSocialClub &amp; @CamdenCocktailLounge to @Palms Casino Resort Las Vegas! #camdencocktails #theviewhaschanged,True,876.0,brittanyvallin djsd_ rideplaytv scottman6169 noacaronedoe constancemtm ilovenyc41 shvedig johannapartida louisloother ,camdencocktails theviewhaschanged ,ApexSocialClub CamdenCocktailLounge Palms ,True
45,1685046237839973362,BdifKAkj1vy,134,1,2018-01-04 19:13:06,Thursday,Grab your girls  and let's kick off the weekend TONIGHT at Oxford Social Club!,False,,anyaaadoll don_de_anda candido8637 sillykrilly nehalajaan awardboominthepromoter _sweet.dulce.soraya_ diamante_wildside hlockmoney chrisdolcesd ,,and ,True
46,1682485481097268402,BdZY6GAjgyy,365,6,2018-01-01 06:25:20,Monday,Wishing you all the happiest New Year‚Äôs Eve! See you next year ‚ô•Ô∏è - The ladies of @theoxfordsd,False,,greg.rambo1 mas.porfavor xokarensita darasteinrichter jetpack70 crewvent spanossucks isaac_israel_619 jkelderman prince_styler ,,theoxfordsd ,True
47,1682031363778008892,BdXxp0TDdc8,88,0,2017-12-31 15:23:05,Sunday,Happy New Year‚Äôs Eve!,False,,shawnkstyles miketoddsmith ulzg drinkmagicbullet cocktailwaitresses stevebosslife shvedig goldensolisairbrushtanning settielove ms.lizacevedo ,,,False
48,1681549185441036978,BdWEBMuj3qy,158,1,2017-12-30 23:25:05,Saturday,She was trouble  chaos really. But her smile  her smile dared me to fall in love with her. - Atticus . . . Join us tonight at Oxford Social Club with @DJMrBest and visit our website for guest list consideration TheOxfordSD.com,False,,ballenger_maria iamjroc rob_scandal brittanyvallin rubep_photography rr_realestate_team fl.personal.trainer.stbarth ancheeese robertc194 raulmeza83 ,,chaos her DJMrBest ,True
49,1681350379910727678,BdVW0MpjAf-,142,2,2017-12-30 16:50:05,Saturday,Experience New Year's Eve at Oxford Social Club featuring sounds by @DJCobra and a special performance by the Stoli Elit Ballerinas.  For tickets &amp; VIP Reservations  click the link in our bio.,False,,randy_mendez1 arleneibarra mjaydonk _sweet.dulce.soraya_ libbeylazarus cannababekatie mcmichel92 goldensolisairbrushtanning dave_rukus sarah_renee94 ,,DJCobra For click ,True
50,1679176048170656918,BdNobgajmSW,148,3,2017-12-27 16:50:05,Wednesday,If looks could kill  darling... The party returns to Oxford Social Club tomorrow night with @djkaossd in the house!  Click the link in our bio for guest list consideration.,False,,rubep_photography vanessabeard madeinam_erika money_aerial_media kaylynsenna oh_hexxx_yeeah brandond_lv drmartyyy stevebosslife sineadalice ,,darling... djkaossd Click ,True
51,1678697971745432241,BdL7ulDDiKx,104,0,2017-12-27 01:00:14,Wednesday,You can never be overdressed or overeducated. - Oscar Wilde  We re-open Thursday for New Year's Eve weekend at Oxford Social Club. Click the link in our bio for more information and NYE Reservations! #PendryNYE,False,,awardboominthepromoter nickviciouss codyblake_sandiego nattcity goldensolisairbrushtanning jcontrer1986 withlovedesirie kvng_jay0421 joshlanglv djque ,PendryNYE ,We ,False
52,1676339866533387494,BdDjjobjFzm,108,2,2017-12-23 18:55:06,Saturday,We're excited to welcome back the classically trained Stoli Ballerinas to Oxford Social Club on New Year's Eve!  Don't drop the ball  and book your ticket or VIP Reservation online by clicking the link in our bio.,False,,austinrott frannnnygirl cinemazay mamandmardj christinamisleh hlockmoney cocktailwaitresses kvng_jay0421 its_zef veggiepizzaqueen ,,Don't and ,True
53,1675581362684131181,BdA3F8rDXdt,129,8,2017-12-22 17:48:05,Friday,We will be CLOSED for the holiday weekend. The party returns to Oxford Social Club on Decemeber 28th for NYE Weekend! Until then  #StaySophisticated San Diego.,False,,tatianna_almaz _bribrixoxoxo_ jasononsax daniel_guang hellaclassic c.h.r.i.s.t.yy cinemazay bpip115 samantha_ssmithh crohncannabis ,StaySophisticated ,,True
54,1670635265830210384,BcvSexBDMtQ,260,9,2017-12-15 22:01:04,Friday,Join us tonight for plenty of champagne and sounds by @DJMikeAttack!,False,,fitandfierce1 mujermaravilla27 sineadalice smontess bridgetphl2las raulmeza83 mrdh87 ayoomiggs nicholascrates sdprideca ,,DJMikeAttack! ,True
55,1664865750538384159,BcaypRLjfMf,105,1,2017-12-07 22:58:05,Thursday,Perhaps we're all ready to kick off the weekend!? Join us tonight with sounds by @cheyennegiles #OxfordNights,False,,michaeljunior__ nicotuxedo iamjroc chrisdolcesd josharevalo_ psjazzmin_ withlovedesirie mamaratonka.pl djque jcontrer1986 ,OxfordNights ,cheyennegiles ,True
56,1661199589045016920,BcNxDmODZlY,128,1,2017-12-02 21:34:04,Saturday,We üíô Saturday Nights at Oxford! Join us tonight with @TheDijital. Click the link in our bio for guest list and VIP Reservations.,False,,djsd_ anthony_afonsoo jvictoria04 arleneibarra money_aerial_media e___888 modont at__thisguy _sweet.dulce.soraya_ djque ,,TheDijital. ,True
57,1659761618416678201,BcIqGXtjbU5,248,3,2017-11-30 21:57:05,Thursday,Everything sparkles under the chandelier! Meet us tonight at Oxford Social Club with sounds by @DJDecon. Click the link in our bio for guest list consideration.,False,,arkin619 salty_wolf chrisegura86 ljacq8 ell_jefe1 djdmiles lily_johnson linz0817 sirpearce colonelcopin ,,DJDecon. ,True
58,1655269011405833093,Bb4smVYjoOF,165,1,2017-11-24 17:11:04,Friday,Join us TONIGHT for our #BlackFriday specials at Oxford Social Club. Book a VIP Table and receive your first bottle for only $100 and $5 select cocktails until midnight.  Click the link in our bio for guest list.,False,,coach019 sabrina.1lene seancharsley cel_nuncio money_aerial_media jbladow nickviciouss cosmeticindustrypro ramone_russell annaleyendekker ,BlackFriday ,Click ,True
59,1651149863998223015,BbqEA2ajHKn,211,4,2017-11-19 00:47:03,Sunday,Never a dull moment once you arrive at Oxford Social Club. Join us tonight featuring sounds by @DJBobbyFrench.  For Guest List Consideration  click the link in our bio!,False,,tinacama smmurtha itz._.dez marcoag7 realtortylerjones 3rik_navarro sarah_renee94 teresatripp mar.sol.love jillianberres ,,DJBobbyFrench. For click ,True
60,1648975032297147889,BbiVg4jj03x,226,4,2017-11-16 00:46:03,Thursday,Kick off the weekend in style at Oxford Social Club. THU: @DJKaosSD FRI: @DJerock SAT: @DJBobbyFrench  For Guest List Consideration  click the link in our bio!,False,,stevelivinfit karinnashley elizabethhcb arkin619 shopoverload madeinam_erika addypadilla salty_wolf fitandfierce1 ,,DJKaosSD DJerock DJBobbyFrench For click ,True
61,1645336484071154766,BbVaNCdDSRO,144,5,2017-11-11 00:16:55,Saturday,TGIF!! Join us tonight under the chandelier and let‚Äôs cheers to the weekend with sounds by @DJSpryte.,False,,karriegurl lextovar alishier1 raymiem tokenmcsmokes619 monzerack fvwnzho jonathanjttownsend djkyleflesch kalynnilene ,,DJSpryte. ,True
62,1639452781277182908,BbAgZ5ODXu8,124,3,2017-11-02 21:27:03,Thursday,We‚Äôre back at it tonight with @deejayal in the house at Oxford Social Club!  Click the link in our bio for guest list consideration. #OxfordNights,False,,jerryapotter thejennwheezy michaeljunior__ ruccababy louisloother prince_chunk will_delosreyes kevmo25 djschoenyofficial fer.canto.11 ,OxfordNights ,deejayal Click ,True
63,1637187219507384965,Ba4dRoZjBKF,125,1,2017-10-30 18:27:25,Monday,The party continues TOMORROW night with our #CostumeContest at Oxford Social Club.  Dress up for a chance to WIN up to $10 000 in cash and prizes. Click the link in our bio for guest list &amp; VIP Reservations.,True,1536.0,djaylasimone fvwnzho rideplaytv tokenmcsmokes619 j_dubz89 kaylynsenna djschoenyofficial reza_raccoon king_gabriella joebrooksforever ,CostumeContest ,Dress ,True
64,1630100680428342114,BafR-6lDcti,174,0,2017-10-20 23:46:05,Friday,1Ô∏è‚É£Party. 3Ô∏è‚É£ Venues. 1Ô∏è‚É£Ticket We invite you to experience the #HalloweenBall at Oxford Social Club  @LionfishSD  and @PoolHouseSD featuring special guests @MyFabolousLife &amp; @Bassjackers!  Your ticket gets you access into our multi-level party all night long with hosted cocktail hour including tray passed appetizers from 8-9PM. ‚ú®Click the link in our bio for tickets &amp; VIP Reservations.,False,,eeelex.noble pattyccaakkee naj.naj2015 msdianasimpson ramon_urenaa scott_wellinger purple_lamborghini_90 lily_johnson djones_213619 lemonanne ,HalloweenBall ,@LionfishSD and PoolHouseSD MyFabolousLife Bassjackers! Your ,False
65,1629392017467551838,Bacw2gxArBe,96,2,2017-10-20 00:18:06,Friday,Raise your glass and let's cheers to the weekend at Oxford Social Club! Sounds by @DjKaos.  Click the link in our bio for guest list and VIP Reservations.,False,,louisloother alyssamopia tinacama antonellacooper slave2stylez kvng_jay0421 champagneallyear ryanlabbe samaccounting djque ,,DjKaos. Click ,True
66,1624965841277727883,BaNCdK9gLSL,138,1,2017-10-13 21:44:05,Friday,Friday the 13th never looked better. Join us tonight at Oxford Social Club with @DJNeva!  Click the link in our bio for guest list consideration.,False,,fotobudz andrewdue brandond_lv rideplaytv fvwnzho msnichols86 josharevalo_ e___888 deejaylomo gil161 ,,DJNeva! Click ,True
67,1624210368442350965,BaKWrmDgz11,181,5,2017-10-12 20:43:05,Thursday,Meet us under the chandelier and let's kick off the weekend tonight with Deejay AL!,False,,jmpetro georgettedr lewisphares philipagl drinkmagicbullet lexbogan valerie_victoria nunya_bizz_nasss theglobopreneur adamhahn ,,,True
68,1619972662874935924,BZ7TI3MgRJ0,227,6,2017-10-07 00:23:31,Saturday,Celebrate the night at Oxford Social Club with sounds by @djmrbest! #OxfordNights  For guest list and VIP Reservations: TheOxfordSD.com,False,,iannsolus steffaniegarciaa nicolextayl0r kimbellabella jmoaddab jenmen619 staytrue4real_ jennaspittler julzvelez ruccababy ,OxfordNights ,djmrbest! For ,True
69,1618633177331557107,BZ2ikyEgmLz,95,1,2017-10-05 04:02:12,Thursday,@djdecon kicks off the weekend with us tomorrow at #OxfordSocialClub!,False,,dveeezy_ its_zef cvaldez_25 fromri_to_sc slave2stylez ime_perez johannapartida sean.coughlin kvng_jay0421 djque ,OxfordSocialClub ,djdecon ,True
70,1614812464048901041,BZo92Figgux,164,6,2017-09-29 21:31:08,Friday,We're all smiles on #Friday! Join us tonight with @djmikeattack at Oxford Social Club. . Join us for another weekend at @TheOxfordSD. Click the link in our bio for guest list consideration.,False,,msnichols86 __samantha_s dj.dlion djmikeattack adamhahn djpetealexander lexie___f hugo_justice tommykennard ericaalexis ,Friday ,djmikeattack TheOxfordSD. ,True
71,1613499227323838358,BZkTP-iAS-W,248,5,2017-09-28 02:01:58,Thursday,It all kicks off tomorrow night at Oxford Social Club with @djschoenyofficial! Click the link in our bio for guest list consideration or VIP reservations‚ú®üçæ,False,,nicolextayl0r thefuerstlady nickkbarb lovelymisstyne somethinglovelyweddings millycroz robertc194 dennisjacobsmusic theglobopreneur tiffany__short ,,djschoenyofficial! ,True
72,1610427059841045429,BZZYuDmgJO1,97,1,2017-09-23 20:18:07,Saturday,#Chamapagne is always the answer! Party the night away at Oxford Social Club tonight with sounds by @DJCobra.  For guest list consideration  click the link in our bio.,False,,alan_alire djque dieselerik louisloother cocob_music roberto_wallace18 jessicajohnson521 rubep_photography jpereira90 greystonesteak ,Chamapagne ,DJCobra. For click ,True
73,1605429605689232426,BZHobhvAIwq,122,1,2017-09-16 22:49:04,Saturday,Saturday Night Fever.,False,,valerie_victoria alicekulidjian kvng_jay0421 johannapartida v_rodd nikprboutique agentbaz saintclairmusic jbladow elizabethrabena ,,,True
74,1603879923188167661,BZCIErcAvPt,84,0,2017-09-14 19:30:07,Thursday,Meet us under the #Chandelier tonight with @djdecon at Oxford Social Club! For guest list consideration  click the link in our bio!,False,,raymiem crazy_nazliquor gbaby_619 bri_carr_ its_zef _ause_ tspropertiessd imoliviarae smurniou djque ,Chandelier ,djdecon click ,False
75,1602521947089091258,BY9TThpAzq6,151,4,2017-09-12 22:32:04,Tuesday,We know looks aren‚Äôt everything  but we have them just in case. #OxfordSocialClub,False,,cindytong22 blushofadrenaline scott_wellinger mike__agg evelyn.prza teresatripp constancemtm anyaaadoll sarah_renee94 anthonydamico3 ,OxfordSocialClub ,but ,True
76,1599487419374291268,BYyhVVegslE,240,4,2017-09-08 18:03:00,Friday,#Fridays feels from Oxford Social Clubüíã . Join us tonight with @djnevaüôåüèª For guest list consideration click the link in our bio!,False,,rickyrrrr22 msachtungbaby julian.riosbravo renaiholidai samantha_ssmithh tiffanyyrxo zunu79 roadtrippingcat mulkylives ,Fridays ,djnevaüôåüèª ,True
77,1598379946655493687,BYulhfIgi43,241,0,2017-09-07 05:22:39,Thursday,@DJKaosSD kicks off the weekend with us at Oxford Social Club!  For guest list consideration click the link in our bio!,False,,mischievousmark chernandez6983 scott_wellinger dewcawteesd taffymmc caffecalabria shanniedara maria.antonia.stavrou coach019 lisa.ry ,,DJKaosSD For ,False
78,1596688006364830742,BYok0g8gJwW,104,2,2017-09-04 21:21:04,Monday,When Monday feels like Sunday.,False,,msnichols86 msachtungbaby crazy_nazliquor fabiofelipe31 mike_sandiego erick_hernandez415 djque ivansharris iameliels thecutbystevie ,,,True
79,1595462271369361398,BYkOHuRgjf2,153,3,2017-09-03 04:45:45,Sunday,@poolhousesd x Veuve Clicquot . Join us on Sunday as we continue the holiday weekend with plenty of sunshine and #veuveclicquot all day long at The Pool House at #PendrySanDiego!,False,,vanessabeard colonelcopin money_aerial_media kaylalala12 raymiem joannafravel dj.dlion mischievousmark stacienishigarcia taffymmc ,veuveclicquot PendrySanDiego ,poolhousesd ,True
80,1595327672396007786,BYjvhDNg8lq,169,1,2017-09-03 00:18:20,Sunday,Saturday Night. Let's see what trouble we can get into üòè#oxfordnights  Guestlist Link in Bio,False,,miilliiev kaliiifornia619 annaleyendekker rajrsaval smmurtha _dniice_ _joshuaa will_delosreyes imoliviarae keithmumbles ,,Guestlist ,True
81,1594322244602165826,BYgK6JnA_pC,223,4,2017-09-01 15:00:43,Friday,It's all in the detail‚ú®,False,,notem17 tonyruiz___ elcoyoterojo sandiego_sean_downtownsd luigi.sd sh8k djshadowman rajrsaval anthony_afonsoo lifted666 ,,,True
82,1593665195639648382,BYd1g1FATB-,124,0,2017-08-31 17:15:17,Thursday,Swinging into #LaborDayWeekend!  Join us tonight for our holiday weekend kick-off party with sounds by @CraigSmoove! #OxfordNights #GaslampQuarter #OxfordSocialClub,False,,sabrina.1lene pritzmcpritzface mimicuevas gabematix c.h.r.i.s.t.yy bobskibinski candido8637 jasononsax djque nathanb123 ,LaborDayWeekend OxfordNights GaslampQuarter OxfordSocialClub ,Join CraigSmoove! ,False
83,1589409044672579170,BYOtxrmgIZi,180,2,2017-08-25 20:19:04,Friday,Walking into the weekend like...,False,,chantellepolitron sassystiletto nicolextayl0r kyliekalember pendryhotels colonelcopin jwerdean caseyfeldser johannapartida ,,,True
84,1588647043142887062,BYMAhGYAaaW,106,1,2017-08-24 19:05:07,Thursday,We've got a lot on our hands tonightüçæ #oxfordnights THU: @DJSchoenyOfficial FRI: @Wellman SAT: @Stonerokk  For guest list consideraton or VIP Reservations  click the link in our bio!,False,,fvwnzho leihollis_homes ulzg nena_oj619 tokenmcsmokes619 michaelbullara djque sm.domingo lordwallington _beccalewis ,oxfordnights ,DJSchoenyOfficial Wellman Stonerokk For click ,True
85,1588031870464158389,BYJ0pKLA-q1,193,4,2017-08-23 22:42:52,Wednesday,50 Shades of #Disco ‚ú®,False,,ginger_and_jameson seancharsley v_rodd hpfit_14 instashaneyy ime_perez keiferwong ovumclothing annaleyendekker modont ,Disco ,,True
86,1585012072280929307,BX_GBT9ArQb,215,12,2017-08-19 18:43:04,Saturday,A little party never hurt anybody. Join us TONIGHT with @DjSpider! For guest list consideration and VIP table reservations  click the link in our bio!,False,,devinedevaughn seankealey _nich_13 napzzmusic oxygin_ instashaneyy pendryhotels garry401 eduardobiora wjtorrez ,,DjSpider! click ,True
87,1582963064768299368,BX30IVAFAFo,310,2,2017-08-16 22:52:04,Wednesday,We don't ask for much. #OxfordNights,False,,sid_nev madeinam_erika nightlife_connex kikomoki kaliiifornia619 thehappyinbetween jmoaddab mamaratonka.pl dj_commondream h20dmc ,OxfordNights ,,True
88,1581347929002709295,BXyE5AmgZEv,155,2,2017-08-14 17:23:04,Monday,Come #ReliveAnotherDecade with us TONIGHT at Oxford Social Club featuring throwback tunes by @TheOfficial2LiveCrew! Join our guest list by clicking the link in our bio.,False,,gabematix joannafravel ejnaumann116 vaness.ortega caseyfeldser anthony_afonsoo seancharsley _joshuaa fabiofelipe31 ,ReliveAnotherDecade ,TheOfficial2LiveCrew! ,True
89,1578481655037982946,BXn5LO9Anji,143,1,2017-08-10 18:28:18,Thursday,Getting ready for another hot week of #OxfordNights starting TONIGHT with @DJDecon.  Guest list link in bio.,False,,rajrsaval caseyfeldser jonathancrm7 valentin.istode dustinbrashear gabematix lrbrm _sweet.dulce.soraya_ suziday1015 djlito619_ ,OxfordNights ,DJDecon. Guest ,True
90,1573598379001399755,BXWi2NvgknL,387,8,2017-08-04 00:46:06,Friday,The summer is just heating up at @theoxfordsd ! Join us tonight for sounds by @DJShadowman üî•  For guest list consideration click the link in our bio.,False,,k279k thehappybadass ibro.shkreta2017 emma__glory_ andylatu52 itsdjnemo kikomoki ajiteshbanerjee awardboominthepromoter lacerdaclaudiomar ,,theoxfordsd DJShadowman For ,True
91,1572720073540461631,BXTbJMCgWQ_,150,0,2017-08-02 19:41:04,Wednesday,Wash away your sins &amp; prepare to party with us this weekend! THU:@DJShadownman  FRI: @DJDynamiq SAT: @DJCobra  For guest list consideration  click the link in our bio!,False,,ginger_and_jameson piscorotisserie sealove_pr bella_dlc philipagl derekfromvegas imoliviarae kvng_jay0421 _ryanhibbert_ cameron.hodges.986 ,,FRI: DJDynamiq DJCobra For click ,False
92,1571197550592049500,BXOA9kDAMFc,137,2,2017-07-31 17:16:05,Monday,Wake up and get ready for another VERY exciting week ahead üôå #oxfordnights  Guestlist Link in Bio,False,,pencilboxphoto jeffdibs leahcamilleford bendy_bree spirityogastudios ginger_and_jameson breskags gabematix fabiofelipe31 nick_andrews_4 ,oxfordnights ,Guestlist ,True
93,1569075756888423826,BXGehZrAv2S,230,2,2017-07-28 19:00:27,Friday,#FridayFeels when @WALE is at Oxford Social Club tonight!,False,,joey_m_p nena_oj619 tbagging h3ct0r243 rapidocleaningsd mrdh87 sdxplosion markwbuehler moment4life81 hjharris1 ,FridayFeels ,WALE ,True
94,1568282508196540901,BXDqKHQg3Hl,131,4,2017-07-27 16:44:25,Thursday,Heading into the weekend at #OxfordSocialClub! (Swipe for the full lineup featuring @wale on Friday  July 28‚ú®),False,,shanniedara kcbruno hectorbass constancemtm christinaroa bryanbroo ruccababy anyaaadoll rubep_photography bliu85 ,OxfordSocialClub ,wale July ,True
95,1566241578031310546,BW8aGq7AObS,135,4,2017-07-24 21:09:27,Monday,Straight from Miami Swim Week  @Wale joins us this Friday  July 28th for a very special night at @TheOxfordSD. Click the link in our bio for guestlist consideration.,False,,claudia_piceno hanamontanabanana money_aerial_media tokenmcsmokes619 shanniedara keiferwong kingganthony breiona.j__ modernfit ,,@Wale July TheOxfordSD. ,True
96,1563257707442574563,BWxzpo4gZTj,238,6,2017-07-20 18:21:02,Thursday,Does being good looking count as a #Superpower? Either way  join us tonight at Oxford Social Club with @djdecon!,True,2740.0,tessagavia aley__cat nikkinewell calebbonilla derekfromvegas christinaroa lifted666 losangeles__nightlife ettymunster djmikeattack ,Superpower ,join djdecon! ,True
97,1562537986300644729,BWvQAUVgQ15,183,3,2017-07-19 18:31:04,Wednesday,Embrace your inner superhero  and join us tomorrow night at Oxford Social Club! *Please note: We will be closed Friday for a private VIP party  but will reopen Saturday Night!,False,,luigi.sd kristarkerr shanniedara imoliviarae djmikeattack partyonmobile_app joosh2169 astro_tattoo_shop cassandra_fox jbeautyprincess ,,and but ,True
98,1559729987676840967,BWlRij1AKQH,243,1,2017-07-15 21:32:05,Saturday,Pour one up for the home team. Join us after the @padres @sfgiants game &amp; party at our place. #oxfordnights,False,,tommills9147 smmurtha _thorpedo._ trash_poodle_and_chef_doodle agentbaz cvaldez_25 greatnesscharlie lawyerlexi patrickfranka_art rubep_photography ,oxfordnights ,padres sfgiants ,True
99,1558304621158497016,BWgNcv0AHr4,168,5,2017-07-13 22:20:08,Thursday,Dance like no one's watching tonight with @schoenypony! #oxfordnights  Guestlist Link in Bio,False,,itscrystalduh jessbonillas86 mariahsotoxx _joshuaa fernandawesling c.casinger dapperarthur taffymmc sparkster_ mikekellylv ,oxfordnights ,schoenypony! Guestlist ,True
100,1557831967506975427,BWeh-uzAErD,258,5,2017-07-13 06:41:03,Thursday,It doesn‚Äôt matter if the glass is half empty or half full  there‚Äôs always room for more! #OxfordNights  Guestlist Link in Bio,False,,fabiofelipe31 shannon_stoves luluonthe_beat jvictoria04 nick_andrews_4 meow_eats yazzi0990 plsar mttmndz bollweezy ,OxfordNights ,there‚Äôs Guestlist ,True
101,1554613269187259754,BWTGIgZA-1q,217,4,2017-07-08 20:06:05,Saturday,Saturdays are for the girls! The weekend continues TONIGHT with @DJCobra at #OxfordSocialClub! Click the link in our bio for guestlist consideration.,False,,djsavee djkrispy619 ricardo0902 hwbphotos andreaperspicace mas.porfavor money_aerial_media djmikeattack danielmihaiofficial wakanwolf ,OxfordSocialClub ,DJCobra ,True
102,1553891626592528031,BWQiDOWgGaf,114,3,2017-07-07 20:12:18,Friday,Tonight the talented and beautiful @saintclairmusic makes her way back to Oxford Social Club! Click the link in our bio for guest list consideration!,True,1643.0,rideplaytv evaforevaaaa ripdel zion.photostudio haterproofcohen djjstylez theglobopreneur djque its_zef ,,saintclairmusic ,True
103,1553207515611689599,BWOGgGWgHJ_,170,2,2017-07-06 21:33:06,Thursday,We're getting back in the swing of things tonight Oxford Social Club with @Craig_Smoove!,False,,colonelcopin djrickgee chantellepolitron k.g._gatsby taffymmc therealhanshodvil c.casinger craig_smoove theglobopreneur sineadalice ,,Craig_Smoove! ,True
104,1551640949199745675,BWIiTjsADKL,200,3,2017-07-04 17:40:36,Tuesday,Last night  @treysongz kicked off the holiday with us! In case you missed it  tune into our  LIVE story!,False,,treyology101 jase.andrewl gabrielparent mamaa_miaa1 ecmarrs shane7out luigi.sd amberr39 lord.zxo lrivas1188 ,,@treysongz tune LIVE ,True
105,1551592870891482182,BWIXX7Rg-xG,130,1,2017-07-04 16:05:05,Tuesday,Happy 4th of July from us üá∫üá∏! Hope you're enjoying the day with friends and family. We'll be back in action on Thursday night with Craig Smoove!,False,,tina_natasha21 richcz3 mttmndz jessbonillas86 miketoddsmith collsully the_carousing_barkeep reza_raccoon aveed therealhanshodvil ,,,True
106,1551097106977211495,BWGmpnJg0Rn,194,2,2017-07-03 23:40:05,Monday,We're OPEN tonight with a very special appearance by @TreySongz!,False,,shells_travels mikekellylv taffymmc alissa_brownnn slave2stylez gabrielparent theglobopreneur djmikeattack jvictoria04 anastasia_vervueren ,,TreySongz! ,True
107,1550384399785285720,BWEEmW2glhY,225,8,2017-07-03 00:04:04,Monday,@TreySongz | July 3 at Oxford Social Club. #BeSophisticated or don't.  Limited tables left  click the link in our bio to reserve!,False,,smontess colonelcopin vanessabeard ears3 mcneelydc drinkmagicbullet searchingforserotonin_ mariavictoria7 j_dubz89 _ms.daniela_ ,BeSophisticated ,TreySongz Limited click ,True
108,1543072230966289457,BVqGAS9g-Qx,120,1,2017-06-22 21:56:06,Thursday,Pour up &amp; wind down with us all weekend long starting tonight with Ayla Simone.,False,,momentuswoman searchingforserotonin_ its_zef ejnaumann116 rob_scandal cait_teixeira caseyfeldser devon.dubois tbagging djque ,,,True
109,1541639279300635803,BVlAMGugOyb,146,2,2017-06-20 22:29:04,Tuesday,Be So¬∑phis¬∑ti¬∑cat¬∑ed  or don't... Thursday: Ayla Simone Friday: @djspider Saturday: @djwellman,False,,enriquept2003 sonz.h lord_duarte jbladow brandond_lv nickkbarb bme745 mikababee619 caffecalabria jase.andrewl ,,or djspider djwellman ,True
110,1540151976820480172,BVfuBAWgBis,118,2,2017-06-18 21:14:04,Sunday,Passionate from miles away... #oxfordnights -------------------------------------------------- We're in recovery mode from last night.,False,,misssophiamarie alyssamopia aide.143 __roxxana djque mttmndz theeconradrios richcz3 michaelperezlv bme745 ,oxfordnights ,,True
111,1539362783022434888,BVc6kuWgkpI,98,1,2017-06-17 19:06:05,Saturday,Tonight will be ABSOLUT¬Æ chaos with Steve1der üçæ,False,,seany401 michaelperezlv msnichols86 nateisla louisloother bme745 djartistic scott_wellinger bri_carr_ tbagging ,,,True
112,1538035531299039355,BVYMyq3Aih7,160,1,2017-06-15 23:09:04,Thursday,Big dreams  good music and expensive taste. #oxfordnights  Meet us under the chandelier for @djdecon tonight!,False,,reza_raccoon therealhanshodvil dan_bolthouse ryancornelius1904 devinedevaughn zoesflower jesusjmendez cristian_mingle tbagging kaymarfitz ,oxfordnights ,good Meet djdecon ,True
113,1538028723801123223,BVYLPm4g2mX,109,9,2017-06-15 22:55:33,Thursday,[ Press Play ‚ñ∂Ô∏è] In case you missed it  last Friday was one for the books with @PostMalone in the house! #OxfordNights,True,914.0,colonelcopin its_zef your_daly_dose_ stevensoltero jbladow searchingforserotonin_ louisloother fergiedj thecutbystevie djque ,OxfordNights ,last PostMalone ,True
114,1537365120131304898,BVV0W5zgI3C,146,1,2017-06-15 00:57:05,Thursday,say when ... *silence*  Let our bartenders take care of you all weekend long. #oxfordnights  Thursday - Decon Friday - Dynamiq Saturday - Steve1der,False,,theshouthousesd shanniedara fabiofelipe31 adamhahn iamreysims will_delosreyes colonelcopin money_aerial_media david_liberato johannapartida ,oxfordnights ,Let Thursday ,True
115,1536497426234521568,BVSvES5Arfg,139,2,2017-06-13 20:13:08,Tuesday,Wash away your sins &amp; party with us again. #oxfordnights  Thursday: Decon Friday: @djdynamiq Saturday: Steve1der,False,,cocolamour roadtrippingcat rico1588_toscano lisa7marie bvnvnnie.ly constancemtm taffymmc _reneemichele pizzaandpumps envimarketing ,oxfordnights ,Thursday: djdynamiq ,True
116,1536061525918373197,BVRL9HFglVN,207,3,2017-06-13 05:47:04,Tuesday,Showing love to our favorite decades tonight! #IndustryNight at Oxford Social Club kicks off NOW.,False,,anthonydamico3 rnelopez gabrielparent thepracticalpriss reza_raccoon meccaeliquids kaylynsenna jo.hann.b alan.campos619 jbladow ,IndustryNight ,,True
117,1535682025854354339,BVP1qqHAEOj,183,1,2017-06-12 17:13:05,Monday,Never let go of what's important... Get RAD with us tonight for a very special #INDUSTRYNIGHT at Oxford Social Club!,False,,djsavee theeconradrios julianasilvablog haterproofcohen kurt_hasten lovethybrow fotobudz kwoffle foodwithfrances devon.dubois ,INDUSTRYNIGHT ,,True
118,1534999026062109802,BVNaXs_AKxq,176,4,2017-06-11 18:36:05,Sunday,&amp; today we recover till RAD kicks off! Come RELIVE ANOTHER DECADE with us tomorrow &amp; get RAD! #oxfordnights,False,,rico1588_toscano djshowtime ryannscotty sandtownmillworks tilenverhovsek antonysazerac lialuv marcoag7 stina899 claw12371 ,oxfordnights ,,True
119,1534356804308383467,BVLIWJXgTbr,156,3,2017-06-10 21:20:06,Saturday,It's game day ‚öæ grab your girls &amp; meet us for another round of #oxfordnights,False,,packthecorkscrew jbladow joannafravel cycleom minnie_olo breskags a_social_feast dopplersocialapp bme745 clairemorales_ ,oxfordnights ,,True
120,1532871008590118076,BVF2g-Rgjy8,162,3,2017-06-08 20:08:05,Thursday,Catch us in our good light. See you under the chandelier tonight &amp; get back to the booze at the Official Industry Boxing After Party! #oxfordnights,False,,gabrielparent craig_smoove amberr39 sandiego_fitness money_aerial_media joannafravel _elevatedthoughts evolution_toronto jmoaddab constancemtm ,oxfordnights ,,True
121,1532823689912085469,BVFrwZUg2vd,130,0,2017-06-08 18:34:04,Thursday,Now here's a throw back: It‚Äôs Slinky; it‚Äôs Slinky. For fun it‚Äôs a wonderful toy. It‚Äôs fun for a girl and a boy.  Join us this upcoming Monday &amp; RELIVE ANOTHER DECADE! #oxfordnights,False,,pattyccaakkee getbig06 the_real_brittany_murphy fabiofelipe31 theglobopreneur _elevatedthoughts yazzi0990 antonysazerac djschoenyofficial its_zef ,oxfordnights ,Join ,False
122,1532317854332971131,BVD4vhOgWh7,141,0,2017-06-08 01:49:04,Thursday,Happy Meals in the Club ‚úì  R.A.D. is back this Monday! Guestlist link in Bio. #oxfordnights,False,,xoasho princessnahir delaneylewers elevated_unicorn sirpearce colonelcopin michelle_cervantes_1agent alicekulidjian rafa_h_1 pendryhotels ,oxfordnights ,R.A.D. ,False
123,1530765125139736679,BU-XsVegqhn,130,3,2017-06-05 22:24:04,Monday,Let the countdown begin! One week until R.A.D. is back!  Grab your crew &amp; RELIVE ANOTHER DECADE with us Monday  June 12th! #oxfordnights,False,,djones_213619 its_zef slave2stylez jbladow mialicious iannsolus sardonic.vixen mikekellylv imoliviarae mariopandamaglalang ,oxfordnights ,Grab June ,True
124,1530761299942810874,BU-W0q_AaT6,102,0,2017-06-05 22:16:28,Monday,From @JimmyKimmelLive to Oxford Social Club-- @PostMalone will be joining us this Friday  June 9th for a special LIVE performance!,True,1148.0,jbladow dopplersocialapp partynakedsd americanxarsenal yazzi0990 rob_scandal quegilesrealtor arleneibarra hectorbass arkin619 ,,JimmyKimmelLive PostMalone June ,False
125,1530646372473271136,BU98sQcAnNg,109,1,2017-06-05 18:28:08,Monday,Monday morning blues... Cheer up with our weekend lineup:  Thursday: @djkaossd Friday: @postmalone Saturday: @djmrbest Monday: R.A.D. with @scooterdj,False,,constancemtm jbladow tridentcoffee nattcity partynakedsd phillyniki crystalclearhomes marcus8060 fotobudz slave2stylez ,,Thursday: djkaossd postmalone djmrbest scooterdj ,True
126,1528514790941692396,BU2YBqcApHs,137,2,2017-06-02 19:53:04,Friday,Friday  our second favorite F word.,False,,gaslamp_bartending_school bme745 hannaraiiissa reza_raccoon electric.tiger.tattoo julzvelez colonelcopin joebrooksforever josharevalo_ ,,our ,True
127,1522179571976358842,BUf3kGAAcu6,182,2,2017-05-25 02:06:07,Thursday,Get ready for a weekend you might not remember with the people you'll never forget. Join us for #MDW  Thursday - Craig Smoove Friday - Mix Master Mike of The Beastie Boys Saturday - DJ Spryte,False,,colleendudash3 thearmyofhotness delaoinvegas taffymmc djkaossd markdasyoga arleneibarra lifted666 holaguava jojosd66 ,MDW ,Thursday ,True
128,1522089841158917973,BUfjKVqgg9V,201,0,2017-05-24 23:07:50,Wednesday,We're celebrating our first #MemorialDayWeekend at Oxford with a special performance by the one and only @mixmastermike on Friday  May 26! . Click the link in our bio for VIP reservations!,True,2665.0,er14lopez rob_scandal elansoreal marieannepaulson luisasalcedovasquez darrylsiruno kaizenkinection alanes3 astro_tattoo_shop ,MemorialDayWeekend ,mixmastermike May ,False
129,1520810680897248995,BUbAUG1gB7j,494,11,2017-05-23 04:46:22,Tuesday,Tonight  the industry plays at Oxford! #SleeplessinSanDiego #IndustryNight üì∏:@itsmurrlo,False,,summittodo jdsolis _queen_smallie_ grooovy__v loraineallanh ghost004 lego_jedi xoxobritta richcz3 ccooze ,SleeplessinSanDiego IndustryNight ,the ,True
130,1520604666851784482,BUaReNTgHci,139,0,2017-05-22 21:57:03,Monday,When the cats away...,False,,kimcheepie bme745 alikitten luigi.sd karrinnakarina chantellepolitron 3rik_navarro ren_jensky kshea1010 gabrielparent ,,,False
131,1519738381444309477,BUXMgGJg-Hl,207,5,2017-05-21 17:15:54,Sunday,@PoolHouseSD Bound‚òÄÔ∏èüçæ,False,,sjmanak adventureswiththegunns andreariverajones djvylo lianna_lam money_aerial_media tom.s.fitness desfronterizat3 sineadalice jennaspittler ,,PoolHouseSD ,True
132,1515768803512967450,BUJF7InAmEa,180,3,2017-05-16 05:49:03,Tuesday,Kiss responsibility goodbye &amp; say hello to our weekend lineup:  Thursday: Decon Friday: Mike Attak Saturday: Jesse Marco,False,,sandiego_fitness sofia_torri probrewcoffee 66audio rubep_photography shanniedara nomadic_adventure rob_scandal jessi_charm djspider ,,Thursday: ,True
133,1515042021025494166,BUGgrDrA7SW,133,3,2017-05-15 05:45:04,Monday,Can we rewind &amp; start the weekend over? #oxfordnights,False,,kaylynsenna m0ns cpartida jase.andrewl mrs.renteria2017 paige_flinn katelynmarie73 joannafravel antonysazerac _joshuaa ,oxfordnights ,,True
134,1512771051061372092,BT-cUGFAeS8,178,7,2017-05-12 02:33:03,Friday,Walking into the weekend like.. . . See you tonight for #OxfordNights with @DJKaossd!,False,,rosa.jazz.jess minalounge staceymartin_ fotobudz stina899 yoli_jim utterbonsense salinabastos clairemorales_ reza_raccoon ,OxfordNights ,DJKaossd! ,True
135,1511744241561402876,BT6y2DNgn38,258,3,2017-05-10 16:32:58,Wednesday,Dressing well is a form of good manners - TOM FORD . . . #oxfordnights #luxurylifestyle #pendryhotels #sandiego #nightlife #ladiesofoxford via @valerie_victoria,False,,rubep_photography elen.dali jesse_j_ibarra dickey555 samanthaelii valerie_victoria westcoastcarbrokers teekandtucker ashleyduchene chleothebengal ,oxfordnights luxurylifestyle pendryhotels sandiego nightlife ladiesofoxford ,valerie_victoria ,True
136,1510419561248339641,BT2FpaiAja5,213,2,2017-05-08 20:41:04,Monday,Feel the spark with us this weekend. Party with us:  Thursday: KAOS Friday: @djspider Saturday: Jason Smith  #oxfordnights,False,,annu_lacriss imoliviarae minnie_olo alicekulidjian dveeezy_ jvanderschel jazzdiscover eatwithtinad sunshen ,oxfordnights ,Thursday: djspider ,True
137,1505222314688763445,BTjn7hfA9Y1,157,1,2017-05-01 16:35:04,Monday,üé∂I‚Äôm so happy ‚Äôcause today I found my friends  they‚Äôre in my head #KurtCobain  Come get RAD with us tonight &amp; RELIVE ANOTHER DECADE. #BeRADorDont,False,,ricosaysrelax muratnldi dickey555 breskags usametal76 mwysong iamjroc 365milerun seancharsley losangeles__nightlife ,KurtCobain BeRADorDont ,they‚Äôre Come ,True
138,1504762289599837530,BTh_VRvAHVa,232,8,2017-05-01 01:21:05,Monday,Almost time to play... and misbehave. See you tomorrow for RAD! #BeRadorDont,False,,cl3nz thejennwheezy samii_chriswel katelynmarie73 karinavianney losangeles__nightlife rideplaytv jitsandbarbells djkyleflesch alexfarrarii ,BeRadorDont ,,True
139,1504444128371496764,BTg2_bAAVc8,111,1,2017-04-30 14:48:57,Sunday,It's always a good night when @djspider is in the houseüôåüèº Now get some rest  and join us back at Oxford TOMORROW night for Industry Night! #BeRADorDONT,False,,frannnnygirl sexymenonlyhere ericaalexis msjia_xoxo linzaloo raaft_shakir kr_teamnolimits delachapelle cocktailwaitresses esims206 ,BeRADorDONT ,djspider and ,True
140,1504035999154559869,BTfaMXDAdt9,186,0,2017-04-30 01:18:04,Sunday,Dress me up &amp; take me out #oxfordnights,False,,luigi.sd dickey555 karpediem diegolunaaa joebrooksforever baly415 jbladow missmillean christa_mendez3 rob_scandal ,oxfordnights ,,False
141,1503121007458704975,BTcKJeoAN5P,138,4,2017-04-28 19:00:09,Friday,üéµ I'm startin' with the man in the mirror. - #MichaelJackson. Come RELIVE . ANOTHER . DECADE with us this Monday  May 1 for another edition of RAD. #BeRadOrDont,False,,jbladow lrivas1188 ricosaysrelax annaleyendekker ryanlabbe azadehhawkins jenmen619 money_aerial_media arleneibarra iamjroc ,MichaelJackson BeRadOrDont ,May ,True
142,1501858222708065454,BTXrBirg4Su,156,6,2017-04-27 01:11:13,Thursday,Our weekend starts tomorrow. Let's see what trouble we can get into #oxfordnights,False,,jesusjmendez craig_smoove lordwallington djspider annu_lacriss editaagc djshowtime smontess bondjustinbond_ djtayjames ,oxfordnights ,,True
143,1500255090546730410,BTR-g5ggmWq,184,16,2017-04-24 20:06:05,Monday,[INDUSTRY NIGHT: MAY 1] . . We invite you to ‚ÄúRelive Another Decade‚Äù with us at @theOxfordSD next Monday  May 1. Show us your best old school photos for a chance to WIN a VIP Experience at Oxford San Diego! ‚Ä¢‚Ä¢‚Ä¢‚Ä¢‚Ä¢‚Ä¢‚Ä¢‚Ä¢‚Ä¢ Step 1: Post a throwback photo of yourself on Instagram or Instagram story Step 2:¬†¬†Tag @TheOxfordSD  #Ô∏è‚É£BeRADorDONT Step 3: Make sure your account is PUBLIC Step 4: We‚Äôll announce a WINNER on May 1.,True,1546.0,3rik_navarro lordwallington iamjroc alikitten thetonysystem modont vindesyrah alyssamopia lialuv louisloother ,,theOxfordSD May TheOxfordSD ,True
144,1498069997262572239,BTKNrmzgYrP,267,3,2017-04-21 19:44:41,Friday,Tune into our INSTAGRAM  TAKEOVER with the talented @saintclairmusic  and catch her tonight at Oxford Social Club! . . . #oxfordnights #saintclair #sandiego #nightlife #instagramtakeover #pendryhotels #gaslampdistrict,False,,addictedtoalexis brainsnbeauty35 _marbsss_ ricardo0902 completecatalyst lulunolemon rambogirly lexnightclub_guestlist frannnnygirl shanniedara ,oxfordnights saintclair sandiego nightlife instagramtakeover pendryhotels gaslampdistrict ,TAKEOVER saintclairmusic and ,True
145,1497224694598932489,BTHNe1WgxgJ,124,3,2017-04-20 15:45:13,Thursday,Get your disco nap in before the weekend‚ú® 4.20: @murphikennedy  4.21: @saintclairmusic  4.22: @thedijital  Click the link in our bio to get on the guest list!,False,,d.yescass_ rob_scandal asifmunawar6 taylorg.reynolds its_zef jeroenroffel kaymarfitz money_aerial_media melipeters photomementos ,,murphikennedy 4.21: saintclairmusic 4.22: thedijital Click ,True
146,1492202859570233525,BS1XphBgYC1,325,9,2017-04-13 17:27:44,Thursday,Get a head start on the weekend with @djdecon at #OxfordSocialClub TONIGHT! . . Click on the link in our bio to get on the guest list!,False,,heinimarja djj.ones arieslachey harrystar567 thebasketoflife getfitstudio_va travpiper claw12371 sweetdiygs mattdewski ,OxfordSocialClub ,djdecon ,True
147,1483012753907018723,BSUuD4KAGvj,247,3,2017-04-01 01:08:38,Saturday,Wake up it's the weekend! #oxfordnights,False,,lostadults tanmysoul mark_olanday sgbosley zoes_table organicpressjuices nicole.shakti bunnymasterxo electric_obsidian carlbishopphotography ,oxfordnights ,,True
148,1482888598557776656,BSUR1Leg1sQ,272,21,2017-03-31 21:01:58,Friday,üé∂ Baby  tell me that you've still got the flame for me &amp; we can let it burn - @tinashenow  #TINASHE will be partying with us Friday  April 7th! #oxfordnights,False,,partynakedsd americanxarsenal haleyykennedyy sirpearce clairemorales_ tinasheslaysss leahcamilleford kyliekalember money_aerial_media ,TINASHE oxfordnights ,tell tinashenow April ,True
149,1482294166166916235,BSSKrDLA0yL,237,0,2017-03-31 01:20:56,Friday,Bring on the night! #oxfordnights,False,,cait_teixeira jessicaecton projectbetterman jlabaudio valerie_victoria fl.personal.trainer.stbarth denisdasurfmenace juanmed01 bibibibih ,oxfordnights ,,False
150,1479918000961273528,BSJuZS4AL64,203,3,2017-03-27 18:39:55,Monday,Less Mondays | More Parties #oxfordnights  Thursday: @schoenypony  Friday: @delachapelle  Saturday: @grahamfunke  Ticket Link in Bio,False,,trymesandiego misslordy richcz3 nickkbarb marcus8060 msdianasimpson arichardson022 djbangarang qthescorpio traceygrooms23 ,oxfordnights ,Thursday: schoenypony Friday: delachapelle Saturday: grahamfunke Ticket ,True
151,1477931102978119597,BSCqoH7gxet,480,13,2017-03-25 00:52:18,Saturday,The only decision you need to make tonight is bottle or glass? #oxfordnights üì∏ by @allicampbell2,False,,kingjuliana_2324 evolution_toronto pilarte55 aetoursbahamas subliminal_official e.t._alexander_clark nayarasescola ashleycramermcclintock inavx_app rawcoash ,oxfordnights ,allicampbell2 ,True
152,1476551732648614646,BR9w_pNAhr2,249,3,2017-03-23 03:11:44,Thursday,The weekend can't come soon enough! #oxfordnights,False,,nickkbarb _mandalzk martinawyss.co.uk bbqbossusa districtaip anthonyjames702 edite.felgueiras _firendice jeremyallanbrown muratnldi ,oxfordnights ,,True
153,1475158477126092077,BR40NG4gcUt,341,10,2017-03-21 05:03:35,Tuesday,GET RAD  or don't... #oxfordnights,False,,cinebokeh lvassell resortpass derekfromvegas shapeupcdm renee_kristin401 djjstylez airotciv_yksnimak barracudamoonjewelry ,oxfordnights ,or ,True
154,1474967070230851521,BR4IrxUgi_B,207,3,2017-03-20 22:43:18,Monday,‚ô´ Come on  take a chance Get up and start the dance Let the D.J. shake you Let the music take you ‚ô™  Join us tonight &amp; get on the FREE Guestlist: http://www.theoxfordsd.com/uv-guest-list/ #oxfordnights,False,,durty_mny dickey555 psyonix ramatperalta envimarketing _shanellephant tipsea_gypsyy micahscott1 jasonodogg gingielove ,oxfordnights ,take Join ,True
155,1473481748577966029,BRy29fvAtfN,177,0,2017-03-18 21:32:14,Saturday,Pour yourself a drink  put on some lipstick &amp; join us tonight! #oxfordnights,False,,jcortez_1 louisloother minnie_olo sneak_a_peak_at_keeks jonathanjttownsend iamaidinz ventikoko theorijynelle raquelraz elen.dali ,oxfordnights ,put ,False
156,1472053081930767608,BRtyHqPAJz4,260,1,2017-03-16 22:13:43,Thursday,üéºWe could be heroes just for a day. - #DavidBowie  GET R‚Ä¢A‚Ä¢D this Monday &amp; RELIVE ANOTHER DECADE. #oxfordnights,False,,tylermugford natalie.champagne salinabastos minnie_olo antonellacooper ericusburropolis bobbydigital04 thecutbystevie kurt_hasten elcoyoterojo ,DavidBowie oxfordnights ,GET ,True
157,1469779591718712636,BRltMBegzU8,162,8,2017-03-13 18:56:42,Monday,RELIVE ‚Ä¢ ANOTHER ‚Ä¢ DECADE  Come party with us Monday  March 20th. #oxfordnights ‚Üí Guestlist Link in Bio.,True,568.0,thejennwheezy doncele86 trymesandiego jonathanjttownsend jasononsax talitataiti thedijital djkyleflesch weatherman.la cinemazay ,oxfordnights ,Come March ,True
158,1466190548619678288,BRY9IkngtJQ,157,7,2017-03-08 20:05:55,Wednesday,Our first Industry night was just training! Get ready for our next Industry night Monday  March 20th &amp; prepare to RELIVE ANOTHER DECADE üçæ RAD #oxfordnights,True,1263.0,rob_scandal m0ns djluckylou cali_o_burgers_ ricosaysrelax barracudamoonjewelry lexie___f jonathanjttownsend emilygaul miisterbear ,oxfordnights ,March ,True
159,1464841466290511141,BRUKY1ygh0l,203,2,2017-03-06 23:25:32,Monday,Blow a kiss &amp; say good bye to monotony. Party with us all weekend long: 3.9 - @Craig_Smoove 3.10 - @djdynamiq 3.11 - @djspryte #oxfordnights,False,,creative_souls_west_coast kaatnippp mikequadquad 3rik_navarro beckycharms elinringblom tenacioustianna gabriellelenae kaylynsenna ,oxfordnights ,Craig_Smoove djdynamiq djspryte ,True
160,1456045643020841445,BQ06cxBAzHl,235,9,2017-02-22 20:09:48,Wednesday,We're here to make memories (or forget them) #oxfordnights,True,1910.0,victoriakphotography oldjamesrunning c.u.07 loukemusic matthewmims therealmurderfitness ashleyrowen taneshataylor adamhahn ,oxfordnights ,,True
161,1452826715540845643,BQpejNMAnRL,264,7,2017-02-18 09:34:22,Saturday,There ain't a party like an LP drop party! @kiiara is here &amp; making this place home tonight! #oxfordnights,False,,janelle_lynnae mishaskova justinnyce jamon_viejo619 ventikoko regentspizzeria rico1588_toscano tatianna_mar1e m0ns delaneylewers ,oxfordnights ,kiiara ,True
162,1452633612074838368,BQoypLkg2lg,228,9,2017-02-18 03:10:42,Saturday,We have someone special waiting for you on the inside inside! But first  some rebellion. #oxfordnights,False,,traceygrooms23 alejandraparsons vaness.ortega rnelopez jasonbwill 3rik_navarro partynakedsd jinny_jinn_jin clairemorales_ alikitten ,oxfordnights ,some ,True
163,1451852777440585308,BQmBGipgqZc,377,17,2017-02-17 01:19:19,Friday,We're ready to party this weekend.. are you? Tonight we welcome @djkyleflesch and @djdynamiq to #Oxfordnights.,False,,m0ns mamaa_miaa1 experiencecollectors moonsa92 edamamiexperience tori__layne amandamariepedroza reedisdeer mttmndz aley__cat ,Oxfordnights ,djkyleflesch djdynamiq ,True
164,1449739625261590967,BQegoIUhmm3,195,2,2017-02-14 03:20:52,Tuesday,I don't know what they told you  but everything is better in excess. The party continues this Thursday. #oxfordnights 2.16 - Kyle Flesh &amp; @djdynamiq 2.17 - Craig Smoove 2.18 - @djshift,False,,hannie_k amandanail naj.naj2015 miss_ariadna richcz3 connjon cassandrathegreat melipeters sugar_mamma62 jbladow ,oxfordnights ,but djdynamiq djshift ,True
165,1449727822448251898,BQed8YGB1P6,228,35,2017-02-14 02:57:25,Tuesday,If you don't know  now you know... #oxfordnights,True,2343.0,elizabeth_louise_interiors cait_teixeira alexfarrarii 4mo44 ali_tokyo____ lindabraido joey_m_p airotciv_yksnimak acostathekid neniche ,oxfordnights ,now ,True
166,1447458619418675821,BQWZ_IFhwpt,262,8,2017-02-10 23:48:55,Friday,This is just the beginning... #oxfordnights,False,,johnpettei bbbbcope 5andiego.eats cait_teixeira dj_commondream fwordsgear jenmen619 louisloother steveflathers arielle95eve ,oxfordnights ,,True
167,1445994633888031531,BQRNHVUBGMr,268,11,2017-02-08 23:20:14,Wednesday,Shine bright while you party at San Diego's newest boutique nightclub inside the #PendrySanDiego. #oxfordnights,False,,_marbsss_ sincerelykn cassandrathegreat louisloother cait_teixeira taffymmc kid_phoenix marissalynn23 sugar_mamma62 dolceitalianice ,PendrySanDiego oxfordnights ,,True
168,1445829361382371686,BQQniTTBrFm,152,5,2017-02-08 17:51:52,Wednesday,Be Sophisticated  or don't. #oxfordnights  Our videobooth is here &amp; waiting for you! üì∑,True,3615.0,schmalltalk rachelsandiego bryanna_g__ buhoomusic jonathanjttownsend raulmeza83 americanproducedistributors bobbydigital04 bbm_lifestyle ,oxfordnights ,or Our ,True
169,1444547485225144049,BQMEEjGB07x,231,4,2017-02-06 23:25:01,Monday,Party Animals. #oxfordnights,False,,heywhatcityisthis pendryhotels parqsd robintuck1 stayinyurlane kusagaathletic kaylalynnlv m0ns top_sandiego_restaurants lialuv ,oxfordnights ,,True
170,1443096156686074763,BQG6E8EAUOL,205,6,2017-02-04 23:21:29,Saturday,From classy to naughty  the devil asked me to party. Get ready for #oxfordnights.,False,,portlandvariety fullmoonsushisd myomedia aplaneticketandreservations djfishfonics foodiesofsd barracudamoonjewelry minalounge sandiego_fitness colonelcopin ,oxfordnights ,the ,True
171,1441876467746420223,BQCkwIOBTX_,178,7,2017-02-03 06:58:11,Friday,Perfection takes time. This is what we've been waiting for. Be Sophisticated  or don't. #oxfordnights,False,,vinitapv cameronkellystudio pinkcloud coco_sandiego jenmen619 thejennwheezy jtcota25 ricardo0902 maribel_diiva lightningdrummer ,oxfordnights ,or ,True
177,1449727822448251898,BQed8YGB1P6,228,35,2017-02-14 02:57:25,Tuesday,If you don't know  now you know... #oxfordnights,True,2344.0,elizabeth_louise_interiors cait_teixeira alexfarrarii 4mo44 ali_tokyo____ lindabraido joey_m_p airotciv_yksnimak acostathekid neniche ,oxfordnights ,now ,True
180,1747411164046281637,BhADTINh8ul,164,3,2018-03-31 20:21:05,Saturday,Weekend #Mood üê∞,False,,diamante_wildside la_esposa_del_habibi anna_khattar ruccababy bobskibinski easyonthecheeks anthony_afonsoo bdavidge kevinpfulmer beedoll ,Mood ,,True
189,1456045643020841445,BQ06cxBAzHl,235,9,2017-02-22 20:09:48,Wednesday,We're here to make memories (or forget them) #oxfordnights,True,1911.0,victoriakphotography oldjamesrunning c.u.07 loukemusic matthewmims therealmurderfitness ashleyrowen taneshataylor adamhahn ,oxfordnights ,,True
192,1538028723801123223,BVYLPm4g2mX,109,9,2017-06-15 22:55:33,Thursday,[ Press Play ‚ñ∂Ô∏è] In case you missed it  last Friday was one for the books with @PostMalone in the house! #OxfordNights,True,915.0,colonelcopin its_zef your_daly_dose_ stevensoltero jbladow searchingforserotonin_ louisloother fergiedj stevieethebarber djque ,OxfordNights ,last PostMalone ,True
194,1675581362684131181,BdA3F8rDXdt,129,8,2017-12-22 09:48:05,Friday,We will be CLOSED for the holiday weekend. The party returns to Oxford Social Club on Decemeber 28th for NYE Weekend! Until then  #StaySophisticated San Diego.,False,,,StaySophisticated ,,True
195,1532871008590118076,BVF2g-Rgjy8,162,3,2017-06-08 13:08:05,Thursday,Catch us in our good light. See you under the chandelier tonight &amp; get back to the booze at the Official Industry Boxing After Party! #oxfordnights,False,,,oxfordnights ,,True
