SHORTCODE,USER_LIKED,GENDER,PROFILE_PIC_URL
BInNBO9gU8i,jankrueckfotografie,male,https://scontent-sjc3-1.cdninstagram.com/vp/13cf2168c3575b43580c5865cdf39696/5BEFFEB9/t51.2885-19/s150x150/12930856_1250865991593607_1487587632_a.jpg
BInNBO9gU8i,easiesedgwick,,https://scontent-sjc3-1.cdninstagram.com/vp/29476e14ba69b7ecb583ebfa6dcfef41/5BEFF3C2/t51.2885-19/s150x150/20766275_1451702424866395_3238139418283868160_a.jpg
BInNBO9gU8i,gasbrozzers,,https://scontent-sjc3-1.cdninstagram.com/vp/6319a83616c23ba852cabd27311d1df2/5BDA4A08/t51.2885-19/s150x150/14240622_168603720244845_239210512_a.jpg
BInNBO9gU8i,asos_ger_official,,https://scontent-sjc3-1.cdninstagram.com/vp/6359aeb7bda52b2645eb794fb7a4e1a8/5BFC6750/t51.2885-19/s150x150/30076325_2081073415508043_8589670352727048192_n.jpg
BInNBO9gU8i,lukegibbo1,male,https://scontent-sjc3-1.cdninstagram.com/vp/c7d3ddd1f820802dd2ce7c501ddbf4a5/5C103980/t51.2885-19/s150x150/18298783_727348017438858_5063250019411296256_a.jpg
BInNBO9gU8i,klaudija.xoxoo,,https://scontent-sjc3-1.cdninstagram.com/vp/9af690a2198a2accb0890eb6c5f68fd7/5C0D7265/t51.2885-19/s150x150/37366369_970668143106018_5817424393730523136_n.jpg
BInNBO9gU8i,herotecx,,https://scontent-sjc3-1.cdninstagram.com/vp/bc3993268df5ab0b891564413fdaf5c5/5C0D75A6/t51.2885-19/s150x150/25023393_397256384021049_5978103269212291072_n.jpg
BInNBO9gU8i,viktoria_grimm,female,https://scontent-sjc3-1.cdninstagram.com/vp/a722d7188284e62e6a1810102a49bedb/5BEF3744/t51.2885-19/s150x150/24838350_1715065475234412_1593799820231835648_n.jpg
BInNBO9gU8i,schwarzemomente,,https://scontent-sjc3-1.cdninstagram.com/vp/1dee8045d46d6c750115054b11a89d70/5C07F515/t51.2885-19/s150x150/21042088_129486171019437_4853142027472207872_a.jpg
BInNBO9gU8i,rudasstudios,,https://scontent-sjc3-1.cdninstagram.com/vp/4a1625cfaa689cb60aa30f78995f7d03/5BF801C7/t51.2885-19/s150x150/16465515_813203862160667_5427218325602041856_a.jpg
BGU6yTendHQ,diger741981,,https://scontent-sjc3-1.cdninstagram.com/vp/5afa4fff3e41d65448f6a21653a493f9/5BFC1D89/t51.2885-19/11202632_503060419860731_1102154483_a.jpg?_nc_eui2=AeEDQzvMHcCdMLdU5GBys5yhSf0Q7c9mpd1B8_XUUNLTfSREoK7ekDQfSWtbLSMbt9cm34cePaFPSeYb69TfqFkR
BGU6yTendHQ,herotecx,,https://scontent-sjc3-1.cdninstagram.com/vp/1985e0e6522977e1761dfe2b987f6c1d/5C0D75A6/t51.2885-19/s150x150/25023393_397256384021049_5978103269212291072_n.jpg?_nc_eui2=AeEs49dAYkOOs13-rtXqLTjTTkUUveQfBaWx87xG0b5UN5kXeFhQzqV2g6ycMOvBLc0X4WiG7z3ctgGl0PQk7A8f
BGU6yTendHQ,michaelcool990,male,https://scontent-sjc3-1.cdninstagram.com/vp/c718483304723afb2da095a2c2318fd0/5BF9FC27/t51.2885-19/s150x150/31109163_2002442243353749_3776096282699890688_n.jpg?_nc_eui2=AeEgL7VAd0nV_5hxQ5iYuBH1fpnLHtsmm7Hk8gPULuxvVEmFTHdZYvIeLk3UJhgO9sAe1kdVAM2Us9zhFRUXkuRG
BGU6yTendHQ,shadicavalli,,https://scontent-sjc3-1.cdninstagram.com/vp/954cb8908095d985ce9eccdd894e5761/5BF305BE/t51.2885-19/s150x150/36591705_615544128816234_5602658041607487488_n.jpg?_nc_eui2=AeHKu532qzBJXrgXLsi9V7xAMI0-8OPygwuIDvgFqcjRCkOs12zWs1Eo8GayIdhzLkz_ZTXx5dWoeSy6KUzCEvza
BGU6yTendHQ,hulyaharmann,,https://scontent-sjc3-1.cdninstagram.com/vp/3bb1e9718c5b7759e6b77719d2abf4a8/5BF58CE5/t51.2885-19/s150x150/13534087_1752205038390949_297234505_a.jpg?_nc_eui2=AeFu5-KPiuLYW5E764GCDByb-8ymqlxjG3nLWyzBmyjhJTRS2eWsbj-ep-1a3GuB8SL_3phsiUVy8nm2-S1MggEh
BGU6yTendHQ,nclwlck,,https://scontent-sjc3-1.cdninstagram.com/vp/ca36e2c88b7fbe55e2fa4ab1383007fd/5BF885AF/t51.2885-19/s150x150/36868602_178016423072822_8673543298717057024_n.jpg?_nc_eui2=AeHOQHd7NKGPslEcXgC3jBAgUC88NrjQE960zF9MbZHerrhBh7oe3tfMHiO-4rBpsQiaZgZmhlHAcCA56qbOZMWE
BGU6yTendHQ,patrick_le_star,,https://scontent-sjc3-1.cdninstagram.com/vp/fe06aa938d768c6e038af27b2d3ebf53/5BF0B7D5/t51.2885-19/11348408_1107650352583758_333764831_a.jpg?_nc_eui2=AeG2nvmXjTFg0Rl6zRNL-uXN1pi_hn-k2ZbAj05zcBbINAWLyDLydiWLfdFd1rCAQ4VnBdFnbTKU5x7pQtbnov0m
BGU6yTendHQ,boho_love_t,female,https://scontent-sjc3-1.cdninstagram.com/vp/8da1fe3a06216bee702bcbb540af4af0/5C0F1BF6/t51.2885-19/s150x150/37098873_430143574172471_7885283789058867200_n.jpg?_nc_eui2=AeER8mR6NjeI9nbRNvSRJ4Bs7rngsSutV8AGnsSaC39mRiZ46_vbHdgvV4GqOJiki_Zd45elbsCdXpEYiuVd2DVD
BGU6yTendHQ,helloduuuu,,https://scontent-sjc3-1.cdninstagram.com/vp/63539bdc2545fd6627e7e9f194775538/5BF11F5C/t51.2885-19/s150x150/26872828_204329403637850_1454086415288631296_n.jpg?_nc_eui2=AeEFz5xJTrG0TeSvvZTarYysEC2hLOHjRJgTIZ5Ca_0heBF6CF_rlHg-FhZMnAsVGFyo06zITtnaRfeRZNDiS3RF
BHNSO5CAbfS,verenasmt,female,https://scontent-sjc3-1.cdninstagram.com/vp/377e2b04494b12da44d8b15210746368/5C0D2EA5/t51.2885-19/s150x150/30593155_870470666487528_3595553484121833472_n.jpg
BHNSO5CAbfS,jonaspvt,male,https://scontent-sjc3-1.cdninstagram.com/vp/acacd74c1d3bd9f265fff48edbbb68aa/5C10B773/t51.2885-19/s150x150/15538303_1315413905171722_10281795224338432_a.jpg
BHNSO5CAbfS,nayefqa,,https://scontent-sjc3-1.cdninstagram.com/vp/0995864ea5028b5c54cf428bbf10b22f/5BFA0A12/t51.2885-19/s150x150/22159413_123529131732328_4102696810047340544_n.jpg
BHNSO5CAbfS,herotecx,,https://scontent-sjc3-1.cdninstagram.com/vp/bc3993268df5ab0b891564413fdaf5c5/5C0D75A6/t51.2885-19/s150x150/25023393_397256384021049_5978103269212291072_n.jpg
BHNSO5CAbfS,ksxx0400,female,https://scontent-sjc3-1.cdninstagram.com/vp/9f161b9cb306339e316c2edfd647dce3/5C039F68/t51.2885-19/s150x150/21819818_340308373084098_2001944704035323904_n.jpg
BHNSO5CAbfS,stefo.kessaris,,https://scontent-sjc3-1.cdninstagram.com/vp/941166a4e5298d4967cf4af59572f1b4/5C12EDA4/t51.2885-19/s150x150/26395232_866031720235313_4218603494736658432_n.jpg
BHNSO5CAbfS,lj_caruso,,https://scontent-sjc3-1.cdninstagram.com/vp/a66f73fa601c7697c5e4a13b2d55cbfe/5BF59353/t51.2885-19/s150x150/12093550_585979541558269_1877017279_a.jpg
BHNSO5CAbfS,djpreacher,,https://scontent-sjc3-1.cdninstagram.com/vp/124b7fe4e3843a184c60ff0ccdf790b1/5BF8D834/t51.2885-19/s150x150/14280640_1300928099958498_1443581355_a.jpg
BHNSO5CAbfS,tlnxx,,https://scontent-sjc3-1.cdninstagram.com/vp/aae44f4555802c896c865d1abcabaf84/5C06F8A4/t51.2885-19/s150x150/36802604_267119180730728_2614773186406907904_n.jpg
BHNSO5CAbfS,shadicavalli,,https://scontent-sjc3-1.cdninstagram.com/vp/61034669ad4a284a7aeeb11c3f670197/5BF305BE/t51.2885-19/s150x150/36591705_615544128816234_5602658041607487488_n.jpg
BG1XmCcndNs,chele_fit7,female,https://scontent-sjc3-1.cdninstagram.com/vp/c179418247a944d9ef4dcbdfc573d5f2/5C07F976/t51.2885-19/s150x150/31495254_132896934142592_2815170849995227136_n.jpg
BG1XmCcndNs,g_o.r_n,,https://scontent-sjc3-1.cdninstagram.com/vp/ec9633a68a3af8b88f9cbdcbe843b6e0/5BDA6E05/t51.2885-19/s150x150/32627473_240298373221437_5994144997832654848_n.jpg
BG1XmCcndNs,superomid,,https://scontent-sjc3-1.cdninstagram.com/vp/52637a31b1f06d7a04bcf08f2aed2016/5C0BB10F/t51.2885-19/s150x150/23422010_157186311551236_1454397821892427776_n.jpg
BG1XmCcndNs,giomoda.shoes,,https://scontent-sjc3-1.cdninstagram.com/vp/3bc285b39ea927c42b45f7a3fcaf801a/5C10AFC6/t51.2885-19/11296757_497742063722902_816053388_a.jpg
BG1XmCcndNs,glartrecycling,,https://scontent-sjc3-1.cdninstagram.com/vp/ef57533a56b154dadddb53c221b4d13b/5BF28C63/t51.2885-19/s150x150/13381414_133192030435833_1160276054_a.jpg
BG1XmCcndNs,diamondgirlsgang,,https://scontent-sjc3-1.cdninstagram.com/vp/bd29896ee95224bb8e7a1bcba24de704/5C03A178/t51.2885-19/11005103_1384593398527318_1491291930_a.jpg
BG1XmCcndNs,emiracle_man,,https://scontent-sjc3-1.cdninstagram.com/vp/a96f32f970a636787894891c9afe002f/5BF63207/t51.2885-19/s150x150/15623814_1232930640160041_7327172292390158336_a.jpg
BG1XmCcndNs,gaucho_90,male,https://scontent-sjc3-1.cdninstagram.com/vp/c3058474e7b083a46c3985ca5fd4ea89/5C05C63E/t51.2885-19/s150x150/18096183_1483542528383705_6423230729127198720_a.jpg
BG1XmCcndNs,rudasstudios,,https://scontent-sjc3-1.cdninstagram.com/vp/4a1625cfaa689cb60aa30f78995f7d03/5BF801C7/t51.2885-19/s150x150/16465515_813203862160667_5427218325602041856_a.jpg
BElq0D_ndMh,bassambassam22,,https://scontent-sjc3-1.cdninstagram.com/vp/008a027920969b71991b2a675407e668/5BD9CC69/t51.2885-19/s150x150/10632409_992315550858213_1273857553_a.jpg
BElq0D_ndMh,lauraxxy_,,https://scontent-sjc3-1.cdninstagram.com/vp/2d4c35e62ca31d9757b7f3902e758d64/5BD692E2/t51.2885-19/s150x150/34669406_638642573157664_6590436528969744384_n.jpg
BElq0D_ndMh,shirinita__,,https://scontent-sjc3-1.cdninstagram.com/vp/3be744f89c2d68867201e1b0c48bcd34/5BFDC233/t51.2885-19/s150x150/30604022_2021683441413598_2642966889336143872_n.jpg
BElq0D_ndMh,fafari7,,https://scontent-sjc3-1.cdninstagram.com/vp/f0820087a1026d953e6ec47b5a89bb00/5C0FDEF0/t51.2885-19/s150x150/30591782_190353774936862_4452978764862717952_n.jpg
BElq0D_ndMh,rudasstudios,,https://scontent-sjc3-1.cdninstagram.com/vp/4a1625cfaa689cb60aa30f78995f7d03/5BF801C7/t51.2885-19/s150x150/16465515_813203862160667_5427218325602041856_a.jpg
BElq0D_ndMh,diamondgirlsgang,,https://scontent-sjc3-1.cdninstagram.com/vp/bd29896ee95224bb8e7a1bcba24de704/5C03A178/t51.2885-19/11005103_1384593398527318_1491291930_a.jpg
BElq0D_ndMh,shirintabatabai,,https://scontent-sjc3-1.cdninstagram.com/vp/e4168388a9cace92c56145406163501b/5BEE3392/t51.2885-19/s150x150/20837012_536363143362316_9145561965484048384_a.jpg
BElq0D_ndMh,has_44,,https://scontent-sjc3-1.cdninstagram.com/vp/c74572747221a863474a9a1e05503856/5C122FE8/t51.2885-19/s150x150/30087535_1793819357342131_48019546845478912_n.jpg
BElq0D_ndMh,essen.pics,,https://scontent-sjc3-1.cdninstagram.com/vp/0068b2933163463eeb6dc6080e420d83/5C0B100D/t51.2885-19/s150x150/34073748_249168702299409_8181302207933579264_n.jpg
BElq0D_ndMh,billionaires_nightlife,,https://scontent-sjc3-1.cdninstagram.com/vp/818446db15ea429eae257e4df352dddd/5BF7BF56/t51.2885-19/s150x150/11378110_1682409722046990_1639158370_a.jpg
BDESSv3ndKF,misssandrella,,https://scontent-sjc3-1.cdninstagram.com/vp/0be6596e0c9c84bbe90a7cd654cab0a5/5BED1250/t51.2885-19/s150x150/30855737_239136593494667_5258044455780352000_n.jpg
BDESSv3ndKF,maja.vic22,,https://scontent-sjc3-1.cdninstagram.com/vp/5af02c400e97e5c3a5edd08e5f8d5386/5BF4E6C3/t51.2885-19/s150x150/32225492_187462395262416_904503551143706624_n.jpg
BDESSv3ndKF,ann.kristinm,female,https://scontent-sjc3-1.cdninstagram.com/vp/dec99031845ce9cf97edaffaa373cdbc/5BF3E6EE/t51.2885-19/s150x150/35294641_409414522894258_4726233290132946944_n.jpg
BDESSv3ndKF,2hot2pay,,https://scontent-sjc3-1.cdninstagram.com/vp/5596e2918200cb2b266e7568904f2878/5BFD6C04/t51.2885-19/s150x150/12224164_430103793851471_1730990505_a.jpg
BDESSv3ndKF,clarushka,,https://scontent-sjc3-1.cdninstagram.com/vp/8e98a2165a5bc0a742a1fe8c1c9e4d85/5C0AD765/t51.2885-19/s150x150/33120612_189484575034581_5242484394857332736_n.jpg
BDESSv3ndKF,lauraxxy_,,https://scontent-sjc3-1.cdninstagram.com/vp/2d4c35e62ca31d9757b7f3902e758d64/5BD692E2/t51.2885-19/s150x150/34669406_638642573157664_6590436528969744384_n.jpg
BDESSv3ndKF,sa.osz._,,https://scontent-sjc3-1.cdninstagram.com/vp/7185a6928c828df08e4507aedf514505/5BF47D2F/t51.2885-19/s150x150/33195928_464589997314275_7870227476260061184_n.jpg
BDESSv3ndKF,liebemeineslebensleon,,https://scontent-sjc3-1.cdninstagram.com/vp/a48ac725778a102eea34c2b4f6411ae7/5C06A8E6/t51.2885-19/s150x150/15276522_1808616126087824_6081296382554013696_a.jpg
BDESSv3ndKF,rudasstudios,,https://scontent-sjc3-1.cdninstagram.com/vp/4a1625cfaa689cb60aa30f78995f7d03/5BF801C7/t51.2885-19/s150x150/16465515_813203862160667_5427218325602041856_a.jpg
BFojCZiHdFu,sm_i94,,https://scontent-sjc3-1.cdninstagram.com/vp/b12c3bdf3dfbe3e9814a77edd0833369/5BFAFAC3/t51.2885-19/s150x150/37549389_1766602743395044_1867362380556533760_n.jpg
BFojCZiHdFu,pepito2606,,https://scontent-sjc3-1.cdninstagram.com/vp/d08af9054d5a50db220c66fbda638ad1/5C058CFF/t51.2885-19/s150x150/37596863_178462909540328_7789547748260315136_n.jpg
BFojCZiHdFu,andre_rmn,male,https://scontent-sjc3-1.cdninstagram.com/vp/960744bfd74b83b4864359eaf0de4368/5BD97CF7/t51.2885-19/s150x150/37371052_450617075418808_4706327662904213504_n.jpg
BFojCZiHdFu,zey_1103,,https://scontent-sjc3-1.cdninstagram.com/vp/ff02e7fe45483cbded304b19a3749295/5C07D1F1/t51.2885-19/s150x150/37033572_2093099487624371_4480715517631397888_n.jpg
BFojCZiHdFu,jacksontwice_24,,https://scontent-sjc3-1.cdninstagram.com/vp/949560bcad8adce2ea4531b414bd7117/5BFE0AAB/t51.2885-19/s150x150/30603161_161114231235855_1222688858873790464_n.jpg
BFojCZiHdFu,gasbrozzers,,https://scontent-sjc3-1.cdninstagram.com/vp/6319a83616c23ba852cabd27311d1df2/5BDA4A08/t51.2885-19/s150x150/14240622_168603720244845_239210512_a.jpg
BFojCZiHdFu,ra_saglik,male,https://scontent-sjc3-1.cdninstagram.com/vp/e3a2084a9f9bd4f32139d8a9d3e93287/5BD7065D/t51.2885-19/s150x150/37140498_1720165751438268_4677925817269878784_n.jpg
BFojCZiHdFu,nclwlck,,https://scontent-sjc3-1.cdninstagram.com/vp/3c8a45c1444051b0a39da40d2dd68a87/5BF885AF/t51.2885-19/s150x150/36868602_178016423072822_8673543298717057024_n.jpg
BFojCZiHdFu,rudasstudios,,https://scontent-sjc3-1.cdninstagram.com/vp/4a1625cfaa689cb60aa30f78995f7d03/5BF801C7/t51.2885-19/s150x150/16465515_813203862160667_5427218325602041856_a.jpg
BFojCZiHdFu,lauraxxy_,,https://scontent-sjc3-1.cdninstagram.com/vp/2d4c35e62ca31d9757b7f3902e758d64/5BD692E2/t51.2885-19/s150x150/34669406_638642573157664_6590436528969744384_n.jpg
BFt8Bv5HdJU,vntrnvnn,,https://scontent-sjc3-1.cdninstagram.com/vp/c1436a23818aa69848ab3174507fe2d8/5BF0F8E2/t51.2885-19/s150x150/12362202_772313732914469_1513888489_a.jpg
BFt8Bv5HdJU,chris.rappl,male,https://scontent-sjc3-1.cdninstagram.com/vp/edb6ca8c731d20bd5c9a50ddc12a284b/5C0893BA/t51.2885-19/s150x150/19428765_314755558968428_2241114386024366080_a.jpg
BFt8Bv5HdJU,dinabay,female,https://scontent-sjc3-1.cdninstagram.com/vp/7bc043e3439a884a49f093cc9036b1ed/5C09EBD1/t51.2885-19/s150x150/35171226_186672905358887_826753656559763456_n.jpg
BFt8Bv5HdJU,violavonhoesslin,,https://scontent-sjc3-1.cdninstagram.com/vp/380f9afb4b9ae1d22fc04bddf671b229/5BD79D11/t51.2885-19/s150x150/37145485_1821139747976542_7399549852901703680_n.jpg
BFt8Bv5HdJU,ezzatrahimi,,https://scontent-sjc3-1.cdninstagram.com/vp/45e386dcd559b61dcce84e00e3062152/5BF6560D/t51.2885-19/s150x150/26184841_388543504918115_1826143553647017984_n.jpg
BFt8Bv5HdJU,gasbrozzers,,https://scontent-sjc3-1.cdninstagram.com/vp/6319a83616c23ba852cabd27311d1df2/5BDA4A08/t51.2885-19/s150x150/14240622_168603720244845_239210512_a.jpg
BFt8Bv5HdJU,magicmarlenchen,,https://scontent-sjc3-1.cdninstagram.com/vp/634619ced78d1fbee2fc3ddcdb540556/5BDB1D99/t51.2885-19/s150x150/29400572_217430082173458_3333686334492508160_n.jpg
BFt8Bv5HdJU,rasilhaque,,https://scontent-sjc3-1.cdninstagram.com/vp/e75986510f1b132c21d956404487788f/5BD8A317/t51.2885-19/s150x150/12545387_994194823959704_1704235637_a.jpg
BFt8Bv5HdJU,shadicavalli,,https://scontent-sjc3-1.cdninstagram.com/vp/61034669ad4a284a7aeeb11c3f670197/5BF305BE/t51.2885-19/s150x150/36591705_615544128816234_5602658041607487488_n.jpg
